image_id,class_name,saved_name,image_path,source_relative_path,source_url,source_query,source_file,sha256,audit_status,redistribution_status,selection_seed
airplane-airplane_002,airplane,airplane_002.png,data/project_01/images/airplane/airplane_002.png,airplane/airplane_002.png,https://upload.wikimedia.org/wikipedia/commons/4/45/United_States_Air_Force_Boeing_VC-25_%2892-9000%29_landing_at_Dayton_International_Airport_%281%29.jpg,airplane aircraft,0003_https_upload.wikimedia.org_wikipedia_commons_4_45_United_States_Air_Force_Boeing_VC-25__92-9000__landing_at_Dayton_International_Airport__1_.jpg,d2cffab52a67a501d19c4f73c056b2bb1a6afa8660d91b1df72b1f759e85c050,accepted,unverified,20261007
airplane-airplane_042,airplane,airplane_042.png,data/project_01/images/airplane/airplane_042.png,airplane/airplane_042.png,https://www.boeing.com/content/theboeingcompany/us/en/commercial/_jcr_content/root/container/section_1114698323/card_holder/card_723885131.coreimg.jpeg/1765470809128/largefeaturecard-boeing-and-flydubai.jpeg,airplane aircraft,0050_https_www.boeing.com_content_theboeingcompany_us_en_commercial__jcr_content_root_container_section_1114698323_card_holder_card_723885131.coreimg.jpeg_1765470809128_largefeaturecard-boeing-and-flydubai.jpeg,f635285d1714c026f5f0974842644b8108eeb66f0643cbcbd84aaa30078d715e,accepted,unverified,20261007
airplane-airplane_077,airplane,airplane_077.png,data/project_01/images/airplane/airplane_077.png,airplane/airplane_077.png,https://media.gwnews.com/images/articles/_1500x937_crop_center-center_82_line/1_flyforces2.jpg,airplane aircraft,0089_https_media.gwnews.com_images_articles__1500x937_crop_center-center_82_line_1_flyforces2.jpg,c4a06d4ecbcfda5322ca306f4c1cebd93225b353742e947f64502de103a2755e,accepted,unverified,20261007
airplane-airplane_019,airplane,airplane_019.png,data/project_01/images/airplane/airplane_019.png,airplane/airplane_019.png,https://i.ytimg.com/vi/NFSXW4tkkz8/maxresdefault.jpg,airplane aircraft,0024_https_i.ytimg.com_vi_NFSXW4tkkz8_maxresdefault.jpg,f38e56d3bb70f865512363fcbde4e1ef995d6968ad0bdf7e249ec2ce46247bf0,accepted,unverified,20261007
airplane-airplane_055,airplane,airplane_055.png,data/project_01/images/airplane/airplane_055.png,airplane/airplane_055.png,https://media.cntraveler.com/photos/5b8eebc9c65ac82d277945f3/16:9/w_2560%2Cc_limit/Boom_Cruise60k-boom.jpg,airplane aircraft,0065_https_media.cntraveler.com_photos_5b8eebc9c65ac82d277945f3_16_9_w_2560_c_limit_Boom_Cruise60k-boom.jpg,601c3389427ecd8ae5b01a0bd361a9636075e95e898371859b33ced3ca9d0af7,accepted,unverified,20261007
airplane-airplane_020,airplane,airplane_020.png,data/project_01/images/airplane/airplane_020.png,airplane/airplane_020.png,"https://qz.com/cdn-cgi/image/width=1200,quality=85,format=auto/https://assets.qz.com/media/sxlvleq1qbqinu22cav3.jpg",airplane aircraft,0026_https_qz.com_cdn-cgi_image_width_1200_quality_85_format_auto_https_assets.qz.com_media_sxlvleq1qbqinu22cav3.jpg,e1cf15a904181bb90dddd06c9ed2f2bef1e8acac07befdbefec636db96e18e9a,accepted,unverified,20261007
airplane-airplane_064,airplane,airplane_064.png,data/project_01/images/airplane/airplane_064.png,airplane/airplane_064.png,https://cdn.flydays.co.uk/imgs/news/how-do-planes-take-off-the-science-behind-the-flight.jpg,airplane aircraft,0074_https_cdn.flydays.co.uk_imgs_news_how-do-planes-take-off-the-science-behind-the-flight.jpg,d01f0c193618e1ed29a94d96c3110ec758f317ec4cb44cf04fbc0161c42293d7,accepted,unverified,20261007
airplane-airplane_007,airplane,airplane_007.png,data/project_01/images/airplane/airplane_007.png,airplane/airplane_007.png,https://cdn.britannica.com/41/123141-050-E6229449/Air-New-Zealand-Boeing-747-400.jpg,airplane aircraft,0010_https_cdn.britannica.com_41_123141-050-E6229449_Air-New-Zealand-Boeing-747-400.jpg,aa979d1035a0d5dba37482fa55f8c2d359e528c95bc45e71ba40b0421576c923,accepted,unverified,20261007
airplane-airplane_070,airplane,airplane_070.png,data/project_01/images/airplane/airplane_070.png,airplane/airplane_070.png,https://ichef.bbci.co.uk/news/1024/branded_news/7AE4/production/_111206413_henriwerijflyingvflyingabovesea.jpg,airplane aircraft,0081_https_ichef.bbci.co.uk_news_1024_branded_news_7AE4_production__111206413_henriwerijflyingvflyingabovesea.jpg,ad725dc7c883b456eca6c84a0d5d91555382414145f26f17681ed48c89a59e02,accepted,unverified,20261007
airplane-airplane_031,airplane,airplane_031.png,data/project_01/images/airplane/airplane_031.png,airplane/airplane_031.png,"https://hips.hearstapps.com/pop.h-cdn.co/assets/17/32/1502314925-badass-plane-c-130.jpg?crop=0.638xw:0.958xh;0.244xw,0.0423xh&resize=768:*",airplane aircraft,0039_https_hips.hearstapps.com_pop.h-cdn.co_assets_17_32_1502314925-badass-plane-c-130.jpg,20dbc784b28ab0ab6594f88637ab64b1379e976b10765393af9b4459febd7e7e,accepted,unverified,20261007
airplane-airplane_057,airplane,airplane_057.png,data/project_01/images/airplane/airplane_057.png,airplane/airplane_057.png,"https://m.media-amazon.com/images/I/61CAwi1yMpL._AC_UF894,1000_QL80_.jpg",airplane aircraft,0067_https_m.media-amazon.com_images_I_61CAwi1yMpL._AC_UF894_1000_QL80_.jpg,fe9cfff7cdac72971bb18ca2e893528d27b527054dcfea4f76dce1c9403e8a32,accepted,unverified,20261007
airplane-airplane_054,airplane,airplane_054.png,data/project_01/images/airplane/airplane_054.png,airplane/airplane_054.png,https://cdn.britannica.com/75/27075-004-F3D3AB4B/Tupolev-Tu-22M-use-Russian-war-designation-countries-1969.jpg,airplane aircraft,0064_https_cdn.britannica.com_75_27075-004-F3D3AB4B_Tupolev-Tu-22M-use-Russian-war-designation-countries-1969.jpg,8b6015c7b86553eb74561ddf22c7a01a854034f47a325d4c23414694870a99be,accepted,unverified,20261007
airplane-airplane_001,airplane,airplane_001.png,data/project_01/images/airplane/airplane_001.png,airplane/airplane_001.png,https://media.cnn.com/api/v1/images/stellar/prod/uac-ul-69-400m-1.jpg?c=original,airplane aircraft,0001_https_media.cnn.com_api_v1_images_stellar_prod_uac-ul-69-400m-1.jpg,ecc68485fd90b4c081ace938aa04808083be2280e1e3c5c27e3038a67518ed66,accepted,unverified,20261007
airplane-airplane_049,airplane,airplane_049.png,data/project_01/images/airplane/airplane_049.png,airplane/airplane_049.png,http://avi-8.com/cdn/shop/articles/vought_v-173.jpg?v=1742883723,airplane aircraft,0058_http_avi-8.com_cdn_shop_articles_vought_v-173.jpg,53463a1dc45586e443f88dbf7f237fa36bd3a87ae1892c4983ffbce57087facf,accepted,unverified,20261007
airplane-airplane_086,airplane,airplane_086.png,data/project_01/images/airplane/airplane_086.png,airplane/airplane_086.png,https://cdn.hswstatic.com/gif/airplanes-work-1.jpg,airplane aircraft,0098_https_cdn.hswstatic.com_gif_airplanes-work-1.jpg,d7b94362f8e338af58e2716c5b5ee795f467874f95f61f47547aec205e677a03,accepted,unverified,20261007
airplane-airplane_009,airplane,airplane_009.png,data/project_01/images/airplane/airplane_009.png,airplane/airplane_009.png,https://www.aviationjobsearch.com/storage/AJS/uploads/hub/advices/lDMFS0j0qSDKQKUaqqJqpMX9w9FGZ56x4JVq0gzL.webp,airplane aircraft,0012_https_www.aviationjobsearch.com_storage_AJS_uploads_hub_advices_lDMFS0j0qSDKQKUaqqJqpMX9w9FGZ56x4JVq0gzL.webp,3e7a75f755a30435e1b7020bc984912d133177d32d6908e9d6c660a04bb7a891,accepted,unverified,20261007
airplane-airplane_022,airplane,airplane_022.png,data/project_01/images/airplane/airplane_022.png,airplane/airplane_022.png,https://cdn.mos.cms.futurecdn.net/Tpwmmfo3CiAJvwd4vXGzvn.jpg,airplane aircraft,0028_https_cdn.mos.cms.futurecdn.net_Tpwmmfo3CiAJvwd4vXGzvn.jpg,403b17880ced3f37170d46baf35996bc250e73af47cbed28ee2bef377b69d47c,accepted,unverified,20261007
airplane-airplane_026,airplane,airplane_026.png,data/project_01/images/airplane/airplane_026.png,airplane/airplane_026.png,https://www.nasa.gov/wp-content/uploads/2023/03/x-59-flight-overland-v3-16x9-web.jpg?w=2048,airplane aircraft,0033_https_www.nasa.gov_wp-content_uploads_2023_03_x-59-flight-overland-v3-16x9-web.jpg,4e2002fa66b2a2a64fb87fb3cc19fedd88d66c8e86b0ecbab019e82f2487eaec,accepted,unverified,20261007
airplane-airplane_006,airplane,airplane_006.png,data/project_01/images/airplane/airplane_006.png,airplane/airplane_006.png,https://cdn.britannica.com/86/141086-050-9D7C75EE/Gulfstream-G450-business-jet-passengers.jpg,airplane aircraft,0009_https_cdn.britannica.com_86_141086-050-9D7C75EE_Gulfstream-G450-business-jet-passengers.jpg,b7d035016915f7373ea87f62ce9caf1f9dfa7e575c22e389494e6ff447932ba7,accepted,unverified,20261007
airplane-airplane_044,airplane,airplane_044.png,data/project_01/images/airplane/airplane_044.png,airplane/airplane_044.png,https://eaglepubs.erau.edu/app/uploads/sites/4/2021/07/Airplane_airlineranatomy-1.png,airplane aircraft,0052_https_eaglepubs.erau.edu_app_uploads_sites_4_2021_07_Airplane_airlineranatomy-1.png,c8d2dcc97a0a6fc7ddc1546f642788215e10ea9ee49664e6abeb41eff004ace5,accepted,unverified,20261007
airplane-airplane_035,airplane,airplane_035.png,data/project_01/images/airplane/airplane_035.png,airplane/airplane_035.png,https://baatraining.com/storage/posts/4Y7XA4c0AQ7eyrTIZaTzBHIB0EgikE2lwX8sjRlL.webp,airplane aircraft,0043_https_baatraining.com_storage_posts_4Y7XA4c0AQ7eyrTIZaTzBHIB0EgikE2lwX8sjRlL.webp,4078c25a712aef3292beeec267a18612760dc3821857295218c07149a344ca3a,accepted,unverified,20261007
airplane-airplane_071,airplane,airplane_071.png,data/project_01/images/airplane/airplane_071.png,airplane/airplane_071.png,https://fox5sandiego.com/wp-content/uploads/sites/15/2023/08/64dd949a02c443.73706204.jpeg?strip=1,airplane aircraft,0082_https_fox5sandiego.com_wp-content_uploads_sites_15_2023_08_64dd949a02c443.73706204.jpeg,4777f5f6fdff2e3d89a06319c74197047cc54a4e13d35b697c611a8a50671a49,accepted,unverified,20261007
airplane-airplane_084,airplane,airplane_084.png,data/project_01/images/airplane/airplane_084.png,airplane/airplane_084.png,https://cdn4.explainthatstuff.com/c17globemasterplane.jpg,airplane aircraft,0096_https_cdn4.explainthatstuff.com_c17globemasterplane.jpg,da65e43d0b31781c438c012b9606be44136d14aee8158223a411483f45bca3d5,accepted,unverified,20261007
airplane-airplane_030,airplane,airplane_030.png,data/project_01/images/airplane/airplane_030.png,airplane/airplane_030.png,https://wayman.edu/wp-content/uploads/2024/12/How-High-Do-Planes-Fly.jpg,airplane aircraft,0037_https_wayman.edu_wp-content_uploads_2024_12_How-High-Do-Planes-Fly.jpg,f86c27ee3dd439ee3f47e2d5c5c9dcb52071b24c6eb403eadbe36b15a44be017,accepted,unverified,20261007
airplane-airplane_052,airplane,airplane_052.png,data/project_01/images/airplane/airplane_052.png,airplane/airplane_052.png,https://static.time.com/v3/assets/bltea6093859af6183b/blt9ad21105ebde199b/698782ba428a9ea2d3cc784f/jet-airplane.jpg?branch=production&width=3840&quality=75&auto=webp&crop=3:2,airplane aircraft,0062_https_static.time.com_v3_assets_bltea6093859af6183b_blt9ad21105ebde199b_698782ba428a9ea2d3cc784f_jet-airplane.jpg,be5d240d77ebfd14b4bd090339021831c19548d06586f57cb225c0b2c96b3f71,accepted,unverified,20261007
airplane-airplane_053,airplane,airplane_053.png,data/project_01/images/airplane/airplane_053.png,airplane/airplane_053.png,https://www.airbus.com/sites/g/files/jlcbta136/files/styles/w640h512/public/2025-04/airbus_a220-300.jpg?h=9052a6ee&itok=kwj0tmZx,airplane aircraft,0063_https_www.airbus.com_sites_g_files_jlcbta136_files_styles_w640h512_public_2025-04_airbus_a220-300.jpg,ef8cbebf35ff77e96f5c59948c8554f0da05bd6c5128c96bcbfeebad41de1587,accepted,unverified,20261007
airplane-airplane_015,airplane,airplane_015.png,data/project_01/images/airplane/airplane_015.png,airplane/airplane_015.png,https://upload.wikimedia.org/wikipedia/commons/3/36/United_Airlines_Boeing_777-200_Meulemans.jpg,airplane aircraft,0019_https_upload.wikimedia.org_wikipedia_commons_3_36_United_Airlines_Boeing_777-200_Meulemans.jpg,e89cf8c7101328f914811a5b0c340f82488e204dde69ed3de3f9c27bd1fc87a4,accepted,unverified,20261007
airplane-airplane_008,airplane,airplane_008.png,data/project_01/images/airplane/airplane_008.png,airplane/airplane_008.png,https://epicflightacademy.com/wp-content/uploads/2024/12/fastest-planes-in-the-world.png,airplane aircraft,0011_https_epicflightacademy.com_wp-content_uploads_2024_12_fastest-planes-in-the-world.png,40143bf352cdbfb0c8e84d326c36b4cec9bc2bf0263f87c4b21d3f545d4da31c,accepted,unverified,20261007
airplane-airplane_027,airplane,airplane_027.png,data/project_01/images/airplane/airplane_027.png,airplane/airplane_027.png,"https://static.independent.co.uk/2026/01/07/11/48/_ec491c40-fdb2-426a-87e5-efff6cf85bc7-(1).jpeg?crop=826.7,620,x176.7,y0&width=1200&height=900",airplane aircraft,0034_https_static.independent.co.uk_2026_01_07_11_48__ec491c40-fdb2-426a-87e5-efff6cf85bc7-_1_.jpeg,7359e907ab8392fa68f7b0baa6a03516eab3ef2950bc0033cc6c32a0aeaed16f,accepted,unverified,20261007
airplane-airplane_066,airplane,airplane_066.png,data/project_01/images/airplane/airplane_066.png,airplane/airplane_066.png,https://planeandpilotmag.com/wp-content/uploads/2025/01/ten-airplanes-to-fly_07.jpg,airplane aircraft,0076_https_planeandpilotmag.com_wp-content_uploads_2025_01_ten-airplanes-to-fly_07.jpg,76e62405f162057da8a09d629fb378c7acb061eeb34f7cd21f3b8374132deb47,accepted,unverified,20261007
bird-bird_091,bird,bird_091.png,data/project_01/images/bird/bird_091.png,bird/bird_091.png,https://today.usc.edu/wp-content/uploads/2019/11/Taiwan-Blue-Magpie-web-768x432.jpg,bird,0097_https_today.usc.edu_wp-content_uploads_2019_11_Taiwan-Blue-Magpie-web-768x432.jpg,5b8ae206d9f019bf1970f9856f6d93535af9469eb88190ef6da06362322da1da,accepted,unverified,20261007
bird-bird_017,bird,bird_017.png,data/project_01/images/bird/bird_017.png,bird/bird_017.png,https://s7d2.scene7.com/is/image/PetSmart/WEB-APR25W2-AHB6_BRD_DT,bird,0017_https_s7d2.scene7.com_is_image_PetSmart_WEB-APR25W2-AHB6_BRD_DT,9ff76b7e32ed12a6312aafada903921a6df201604cf184ca3eda8aeff08718dd,accepted,unverified,20261007
bird-bird_090,bird,bird_090.png,data/project_01/images/bird/bird_090.png,bird/bird_090.png,https://nationalzoo.si.edu/sites/default/files/styles/wide/public/animals/koribustard-001.jpg?h=79cb99dc&itok=trTE4KOo,bird,0096_https_nationalzoo.si.edu_sites_default_files_styles_wide_public_animals_koribustard-001.jpg,6b9e23efaeefca7efb638c8dda175e7289befe01c236993cbea847274433a958,accepted,unverified,20261007
bird-bird_086,bird,bird_086.png,data/project_01/images/bird/bird_086.png,bird/bird_086.png,https://news.ufl.edu/media/newsufledu/images/2024/04/bird-evolution-sq.jpg,bird,0092_https_news.ufl.edu_media_newsufledu_images_2024_04_bird-evolution-sq.jpg,7552035b3a90d76d412cefdadb078d1a23933286e0d13b71823bdf2d9bb06440,accepted,unverified,20261007
bird-bird_047,bird,bird_047.png,data/project_01/images/bird/bird_047.png,bird/bird_047.png,https://images.squarespace-cdn.com/content/v1/63541518d66db9131dd15ed4/24d6cf55-ce84-4efb-88d5-a4cad003f5c7/Resplendant-Quetzal-blog.jpg,bird,0050_https_images.squarespace-cdn.com_content_v1_63541518d66db9131dd15ed4_24d6cf55-ce84-4efb-88d5-a4cad003f5c7_Resplendant-Quetzal-blog.jpg,9db533399db6e65fe15379446075fc3bfa5a732bcf207437bb25f20dbd30758b,accepted,unverified,20261007
bird-bird_027,bird,bird_027.png,data/project_01/images/bird/bird_027.png,bird/bird_027.png,https://www.birdline.co.uk/wp-content/uploads/2022/09/robin.jpg,bird,0029_https_www.birdline.co.uk_wp-content_uploads_2022_09_robin.jpg,47849ba1c015a3613c148375706cb488445773096518be3d8c059a16d84a27d5,accepted,unverified,20261007
bird-bird_051,bird,bird_051.png,data/project_01/images/bird/bird_051.png,bird/bird_051.png,https://images.squarespace-cdn.com/content/v1/55408447e4b0543265612fa6/1714545057173-E751CV4CI6HB9EYOTB20/Blue+Bird.jpg,bird,0054_https_images.squarespace-cdn.com_content_v1_55408447e4b0543265612fa6_1714545057173-E751CV4CI6HB9EYOTB20_Blue_Bird.jpg,e95c9622e4e18101036ffac67aeef5477e55be710f8396865940d5d707c449e0,accepted,unverified,20261007
bird-bird_026,bird,bird_026.png,data/project_01/images/bird/bird_026.png,bird/bird_026.png,https://a-z-animals.com/media/2023/03/iStock-997048534.jpg,bird,0028_https_a-z-animals.com_media_2023_03_iStock-997048534.jpg,165e52ebc0feb2e158e41fc11ad15005b33ed039f07c44f557df15519ef6dcf4,accepted,unverified,20261007
bird-bird_006,bird,bird_006.png,data/project_01/images/bird/bird_006.png,bird/bird_006.png,https://static.scientificamerican.com/dam/m/4beab95014486f06/original/Tree-Swallow2.JPG?m=1714055470.635&w=1200,bird,0006_https_static.scientificamerican.com_dam_m_4beab95014486f06_original_Tree-Swallow2.JPG,b218fd41ede839a0b822739270880f54d19b5250f56c88cf9b366aabfa415010,accepted,unverified,20261007
bird-bird_031,bird,bird_031.png,data/project_01/images/bird/bird_031.png,bird/bird_031.png,https://abcbirds.org/wp-content/uploads/2025/03/Eastern-Towhee_Jayne-Gulbrand_SS_U3-890x1024.webp,bird,0033_https_abcbirds.org_wp-content_uploads_2025_03_Eastern-Towhee_Jayne-Gulbrand_SS_U3-890x1024.webp,0e8e8e998f883eafb25619aec9b2b650fbea8727a36d2fc86892a2056bf99922,accepted,unverified,20261007
bird-bird_011,bird,bird_011.png,data/project_01/images/bird/bird_011.png,bird/bird_011.png,https://www.birds.cornell.edu/home/wp-content/uploads/2023/09/334289821-Baltimore_Oriole-Matthew_Plante.jpg,bird,0011_https_www.birds.cornell.edu_home_wp-content_uploads_2023_09_334289821-Baltimore_Oriole-Matthew_Plante.jpg,958e9a5f9cdd96d2c092ad31827ff5f52fd53253142179f9325cf1dbfa2cb62f,accepted,unverified,20261007
bird-bird_068,bird,bird_068.png,data/project_01/images/bird/bird_068.png,bird/bird_068.png,https://cdn.hswstatic.com/gif/shutterstock-2382173217.jpg,bird,0072_https_cdn.hswstatic.com_gif_shutterstock-2382173217.jpg,aa2b833f4c3258b03b745ff8f9d3a3e571978db15ae3a888dce72ca83028b144,accepted,unverified,20261007
bird-bird_030,bird,bird_030.png,data/project_01/images/bird/bird_030.png,bird/bird_030.png,https://kb.rspca.org.au/assets/Images/two-budgies-perching.jpg,bird,0032_https_kb.rspca.org.au_assets_Images_two-budgies-perching.jpg,27055aefc49d85b5ebacbc0277e27634146ee4384c839f49f5014ba02b49eda7,accepted,unverified,20261007
bird-bird_007,bird,bird_007.png,data/project_01/images/bird/bird_007.png,bird/bird_007.png,https://www.nature.org/content/dam/tnc/nature/en/photos/mwd-backyard-birds/blue_jay_matt_williams.jpg,bird,0007_https_www.nature.org_content_dam_tnc_nature_en_photos_mwd-backyard-birds_blue_jay_matt_williams.jpg,c3c84c3bc389825b31a878b767e7cb4269f6fb1184b9b8aae835933083d258e3,accepted,unverified,20261007
bird-bird_080,bird,bird_080.png,data/project_01/images/bird/bird_080.png,bird/bird_080.png,https://www.nwf.org/-/media/NEW-WEBSITE/Shared-Folder/Magazines/2024/Spring/GALBATROSS-Eastern-bluebirds-SPRING24-960x630.jpg,bird,0085_https_www.nwf.org_-_media_NEW-WEBSITE_Shared-Folder_Magazines_2024_Spring_GALBATROSS-Eastern-bluebirds-SPRING24-960x630.jpg,19b648c7d714b903305f6a597568fac1d90240d7111d17fcd0f1918202f0233d,accepted,unverified,20261007
bird-bird_039,bird,bird_039.png,data/project_01/images/bird/bird_039.png,bird/bird_039.png,https://img.livingwithbirds.com/lwb/page/tweetapedia/1%20Related%20Articles/Blue%20Tit.jpg?profile=twp-mobile&saturation=50,bird,0042_https_img.livingwithbirds.com_lwb_page_tweetapedia_1_Related_Articles_Blue_Tit.jpg,431c0d3186dc49782eeb635da4d74e0afb1ff64d9408559929c0f8d8b56e197b,accepted,unverified,20261007
bird-bird_076,bird,bird_076.png,data/project_01/images/bird/bird_076.png,bird/bird_076.png,https://images.newscientist.com/wp-content/uploads/2020/06/15153109/h4a6tg_web.jpg,bird,0081_https_images.newscientist.com_wp-content_uploads_2020_06_15153109_h4a6tg_web.jpg,bdff8cdb7624f0231c355cbdb39afc5c22d813c447a0823f9fbf92c99c8b4d0e,accepted,unverified,20261007
bird-bird_038,bird,bird_038.png,data/project_01/images/bird/bird_038.png,bird/bird_038.png,https://natureconservancy-h.assetsadobe.com/is/image/content/dam/tnc/nature/en/photos/OH_American_Robin_Dylan_McDowell_TNC_Photo_Contest_2023.jpg?crop=0%2C3384%2C3563%2C1959&wid=1300&hei=715&scl=2.7407692307692306,bird,0041_https_natureconservancy-h.assetsadobe.com_is_image_content_dam_tnc_nature_en_photos_OH_American_Robin_Dylan_McDowell_TNC_Photo_Contest_2023.jpg,d4ddbcc845ca06a11119d5be02e98cad54e4632dc3144c1dddc2e140be628e42,accepted,unverified,20261007
bird-bird_056,bird,bird_056.png,data/project_01/images/bird/bird_056.png,bird/bird_056.png,https://i.ytimg.com/vi/oZvA2eL_Sho/maxresdefault.jpg,bird,0060_https_i.ytimg.com_vi_oZvA2eL_Sho_maxresdefault.jpg,595b21f17fd53a70f5ad30bdacfb07115e823187d22ff744cda909d7a95a58a3,accepted,unverified,20261007
bird-bird_042,bird,bird_042.png,data/project_01/images/bird/bird_042.png,bird/bird_042.png,https://sdzwildlifeexplorers.org/sites/default/files/2017-07/animal-hero-bigbirds.jpg,bird,0045_https_sdzwildlifeexplorers.org_sites_default_files_2017-07_animal-hero-bigbirds.jpg,d9f54f1f78b7477d3ce9222057ac1bf830531afbd4b24cc51ba6e4f843337ceb,accepted,unverified,20261007
bird-bird_071,bird,bird_071.png,data/project_01/images/bird/bird_071.png,bird/bird_071.png,https://www.birdlife.org/wp-content/uploads/2021/02/State_of_the_worlds_birds_arcticternb1_markus_varesvuo-2-e1750408177731.jpg,bird,0076_https_www.birdlife.org_wp-content_uploads_2021_02_State_of_the_worlds_birds_arcticternb1_markus_varesvuo-2-e1750408177731.jpg,8914b9dad851ec7e0df3610f7731d426aea52864ea76e771f6d95f66b99340e3,accepted,unverified,20261007
bird-bird_023,bird,bird_023.png,data/project_01/images/bird/bird_023.png,bird/bird_023.png,https://blog.education.nationalgeographic.org/wp-content/uploads/2016/05/peacock_calling.jpg?w=1200&h=756&crop=1,bird,0023_https_blog.education.nationalgeographic.org_wp-content_uploads_2016_05_peacock_calling.jpg,c902686b5e10c8b22638d5622d7c2ced588936ce0eb481245096de382f609586,accepted,unverified,20261007
bird-bird_079,bird,bird_079.png,data/project_01/images/bird/bird_079.png,bird/bird_079.png,https://www.birds.cornell.edu/home/wp-content/uploads/2019/01/peregrine-falcon-rick-derevan-birdshare-e1547664268577.jpg,bird,0084_https_www.birds.cornell.edu_home_wp-content_uploads_2019_01_peregrine-falcon-rick-derevan-birdshare-e1547664268577.jpg,3a92618b0df1b13970f70ef3e1bbc0eea10a88858dd7f783ef68b50f1d0587af,accepted,unverified,20261007
bird-bird_085,bird,bird_085.png,data/project_01/images/bird/bird_085.png,bird/bird_085.png,https://npr.brightspotcdn.com/dims3/default/strip/false/crop/3628x2696+0+0/resize/1100/quality/50/format/jpeg/?url=http%3A%2F%2Fnpr-brightspot.s3.amazonaws.com%2F11%2F0c%2F082f90ae45d1bfb9546013787fbb%2Fgettyimages-464848430.jpg,bird,0091_https_npr.brightspotcdn.com_dims3_default_strip_false_crop_3628x2696_0_0_resize_1100_quality_50_format_jpeg,2c483c9b4b67864583f1a73124a479d5364d8c23e4ad6125b93d8f83598dd33f,accepted,unverified,20261007
bird-bird_082,bird,bird_082.png,data/project_01/images/bird/bird_082.png,bird/bird_082.png,https://abcbirds.org/wp-content/uploads/2026/02/Common-Raven_Alaska_David-Fisher_U-888x1024.webp,bird,0087_https_abcbirds.org_wp-content_uploads_2026_02_Common-Raven_Alaska_David-Fisher_U-888x1024.webp,358ac9c2eacadce7227ceaece56e717b9508bf416cc4576d850aeb7f8d8bf96b,accepted,unverified,20261007
bird-bird_059,bird,bird_059.png,data/project_01/images/bird/bird_059.png,bird/bird_059.png,https://static.scientificamerican.com/sciam/cache/file/7A715AD8-449D-4B5A-ABA2C5D92D9B5A21_source.png?w=600,bird,0063_https_static.scientificamerican.com_sciam_cache_file_7A715AD8-449D-4B5A-ABA2C5D92D9B5A21_source.png,f3cc6fbda7a1148b78993067b2ae2415b320c78734106aa8256b0d625b6636dd,accepted,unverified,20261007
bird-bird_037,bird,bird_037.png,data/project_01/images/bird/bird_037.png,bird/bird_037.png,https://abcbirds.org/wp-content/uploads/2026/05/1500x2500_Baltimore-Oriole-male_Agami-Photo-Agency_SS-614x1024.webp,bird,0040_https_abcbirds.org_wp-content_uploads_2026_05_1500x2500_Baltimore-Oriole-male_Agami-Photo-Agency_SS-614x1024.webp,ac6c109d7bcfd86879c1f38de91af8d417362f597d14bf75b7324a8deb7f70a9,accepted,unverified,20261007
bird-bird_053,bird,bird_053.png,data/project_01/images/bird/bird_053.png,bird/bird_053.png,https://pet-health-content-media.chewy.com/wp-content/uploads/2025/04/25185136/202504Hub-Bird-SM-scaled-1.jpg,bird,0056_https_pet-health-content-media.chewy.com_wp-content_uploads_2025_04_25185136_202504Hub-Bird-SM-scaled-1.jpg,4c35093ecd958cd219784c3bfa8115411a1b561c5d344c84ede204ded0719c27,accepted,unverified,20261007
bird-bird_055,bird,bird_055.png,data/project_01/images/bird/bird_055.png,bird/bird_055.png,https://storage.ghost.io/c/90/28/902889ae-a25f-49d4-9270-dcc363f404b7/content/images/wordpress/2024/03/reference_bird_2_cecilieo.jpg,bird,0058_https_storage.ghost.io_c_90_28_902889ae-a25f-49d4-9270-dcc363f404b7_content_images_wordpress_2024_03_reference_bird_2_cecilieo.jpg,8b1c83a4e9728da7ef153991cd9350a6aea87769a89e215521f70af2fd3d61a7,accepted,unverified,20261007
bird-bird_012,bird,bird_012.png,data/project_01/images/bird/bird_012.png,bird/bird_012.png,https://i0.wp.com/rangerrick.org/wp-content/uploads/2025/02/painted-bunting-MARIE-READ-NPL-MINDEN-1156x650-1.png?fit=1156%2C650&ssl=1,bird,0012_https_i0.wp.com_rangerrick.org_wp-content_uploads_2025_02_painted-bunting-MARIE-READ-NPL-MINDEN-1156x650-1.png,32fef7262d8bc6f069176bd62788a85f8fd602c5712d7d376e55d8f07ea5bfed,accepted,unverified,20261007
car-car_061,car,car_061.png,data/project_01/images/car/car_061.png,car/car_061.png,https://cars-assets-production.mclaren.com/5313/mclaren-artura-spider-hero-mobile.jpg,car,0065_https_cars-assets-production.mclaren.com_5313_mclaren-artura-spider-hero-mobile.jpg,78736feca8a8b60e9db07f1c0f5b86c1fe18afa6d3e013619777eeaabe430807,accepted,unverified,20261007
car-car_080,car,car_080.png,data/project_01/images/car/car_080.png,car/car_080.png,https://www.topgear.com/sites/default/files/news-listicle/image/2024/09/Large-17924-2025Jetta_1.jpg,car,0084_https_www.topgear.com_sites_default_files_news-listicle_image_2024_09_Large-17924-2025Jetta_1.jpg,4170d36eda3507f6f35ab0969f1923f6cd3fa8dc384cb738fa9df33a2678d245,accepted,unverified,20261007
car-car_069,car,car_069.png,data/project_01/images/car/car_069.png,car/car_069.png,https://www.chevrolet.com/content/dam/chevrolet/na/us/english/index/index-sub-content/rotator/01-images/v2/26-ch-perf-gs-rotator-v2.png?imwidth=1920,car,0073_https_www.chevrolet.com_content_dam_chevrolet_na_us_english_index_index-sub-content_rotator_01-images_v2_26-ch-perf-gs-rotator-v2.png,bb9c2d7a0012388606d6577299d609955439609771ccfd57e6f875a2ef052def,accepted,unverified,20261007
car-car_007,car,car_007.png,data/project_01/images/car/car_007.png,car/car_007.png,https://hips.hearstapps.com/hmg-prod/images/23cc1afc-c03c-4f77-868f-f44144d4167c.jpg?w=768&width=768&q=75&format=webp,car,0008_https_hips.hearstapps.com_hmg-prod_images_23cc1afc-c03c-4f77-868f-f44144d4167c.jpg,633c19aca9f9c365f009a32dd96c6bbfcc7e66208c308066bc20a9ceff763cad,accepted,unverified,20261007
car-car_051,car,car_051.png,data/project_01/images/car/car_051.png,car/car_051.png,https://vehicle-images.carscommerce.inc/386d-110011709/5UX53GP04T9495992/5739d6cca041abc59980e48f19e61507.webp,car,0054_https_vehicle-images.carscommerce.inc_386d-110011709_5UX53GP04T9495992_5739d6cca041abc59980e48f19e61507.webp,3df1ba443f23c8b6f39c653d70a50a9f0e4b6174adedf1525d39b8ce4433c390,accepted,unverified,20261007
car-car_003,car,car_003.png,data/project_01/images/car/car_003.png,car/car_003.png,https://upload.wikimedia.org/wikipedia/commons/1/12/1925_Ford_Model_T_touring.jpg,car,0004_https_upload.wikimedia.org_wikipedia_commons_1_12_1925_Ford_Model_T_touring.jpg,8b461dea1339816505d2e3cedf5851dba770eb6883a08ef49d8c526de421f628,accepted,unverified,20261007
car-car_048,car,car_048.png,data/project_01/images/car/car_048.png,car/car_048.png,https://www.carpro.com/hs-fs/hubfs/2023-Chevrolet-Corvette-Z06-credit-chevrolet.jpeg?width=1020&name=2023-Chevrolet-Corvette-Z06-credit-chevrolet.jpeg,car,0051_https_www.carpro.com_hs-fs_hubfs_2023-Chevrolet-Corvette-Z06-credit-chevrolet.jpeg,752381a5ac1b1db76cc906b5d92be3e78b2f9766436314b516405d6d2b0cc58b,accepted,unverified,20261007
car-car_025,car,car_025.png,data/project_01/images/car/car_025.png,car/car_025.png,https://article.images.consumerreports.org/image/upload/t_article_tout/v1764690777/prod/content/dam/CRO-Images-2025/Cars/CR-Cars-InlineHero-2027-Kia-Telluride-Hybrid-SXP-12-25,car,0026_https_article.images.consumerreports.org_image_upload_t_article_tout_v1764690777_prod_content_dam_CRO-Images-2025_Cars_CR-Cars-InlineHero-2027-Kia-Telluride-Hybrid-SXP-12-25,3f6008a038963f0eedea7dc27d85b1e46e8f0dd7d583beded264d0389d92dfa6,accepted,unverified,20261007
car-car_086,car,car_086.png,data/project_01/images/car/car_086.png,car/car_086.png,https://americancollectors.com/wp-content/uploads/red-chevy-camaro-1024x683.jpg,car,0091_https_americancollectors.com_wp-content_uploads_red-chevy-camaro-1024x683.jpg,bbb3021b3b86bebb458e23c1763903421944bcc178bf5f175148d8f8dcf82285,accepted,unverified,20261007
car-car_062,car,car_062.png,data/project_01/images/car/car_062.png,car/car_062.png,https://content-images.carmax.com/qeontfmijmzv/7nhHUPJwd8Afut4kbPNl90/49ede401a941be615f9b2d4e5e1029ea/2021_Buick_Envision_Essence_15355_spin_2400_G8I_001.png?w=600&fm=webp,car,0066_https_content-images.carmax.com_qeontfmijmzv_7nhHUPJwd8Afut4kbPNl90_49ede401a941be615f9b2d4e5e1029ea_2021_Buick_Envision_Essence_15355_spin_2400_G8I_001.png,9fc2d81c689ce6ab18b39e4142ccb3803a0c9d24285a5aefbec1b15a5ca5e75e,accepted,unverified,20261007
car-car_023,car,car_023.png,data/project_01/images/car/car_023.png,car/car_023.png,https://cdn.affinitydev.com/webmedia/capus/moi/cap/2026q3/26Q3_VW_Small_Banner.jpg,car,0024_https_cdn.affinitydev.com_webmedia_capus_moi_cap_2026q3_26Q3_VW_Small_Banner.jpg,71e6ced499c6c532bb8e5e349a2124b44c937264458fa884c1dc75eaefaac623,accepted,unverified,20261007
car-car_008,car,car_008.png,data/project_01/images/car/car_008.png,car/car_008.png,https://cdng.europosters.eu/pod_public/1300/121017.jpg,car,0009_https_cdng.europosters.eu_pod_public_1300_121017.jpg,66e0ad67b63bf05c7a43ebe0449aad1f8c52c086ed697d47dbb9a2328995ed7d,accepted,unverified,20261007
car-car_093,car,car_093.png,data/project_01/images/car/car_093.png,car/car_093.png,https://car-images.bauersecure.com/wp-images/2697/best-electric-cars-february-2026-update.jpg,car,0099_https_car-images.bauersecure.com_wp-images_2697_best-electric-cars-february-2026-update.jpg,1a41cc9f4d9eb8db7c332e3280cb9e207e1f5c9f9e0dba481cef7c92c33581ce,accepted,unverified,20261007
car-car_016,car,car_016.png,data/project_01/images/car/car_016.png,car/car_016.png,"https://www.goodwood.com/globalassets/.road--racing/road/news/2025/07-july/best-german-cars-to-buy-update/new-bmw-m5.jpg?rxy=0.5,0.5",car,0017_https_www.goodwood.com_globalassets_.road--racing_road_news_2025_07-july_best-german-cars-to-buy-update_new-bmw-m5.jpg,f6e3463b5db59711528b531ef0f34d325b7f93ec54ccbf7465c4af424643bd5e,accepted,unverified,20261007
car-car_047,car,car_047.png,data/project_01/images/car/car_047.png,car/car_047.png,https://idsb.tmgrup.com.tr/ly/uploads/images/2021/05/30/118050.jpg,car,0050_https_idsb.tmgrup.com.tr_ly_uploads_images_2021_05_30_118050.jpg,0ab7b1ddf81b68770fbb0245c5bf1339931db275296595914d8cf36103316789,accepted,unverified,20261007
car-car_044,car,car_044.png,data/project_01/images/car/car_044.png,car/car_044.png,https://platform.cstatic-images.com/large/in/v2/stock_photos/f65fd68e-f365-472b-b302-94fb20bba62b/16fd3409-ee47-4267-b3d4-432961e0f680.png,car,0047_https_platform.cstatic-images.com_large_in_v2_stock_photos_f65fd68e-f365-472b-b302-94fb20bba62b_16fd3409-ee47-4267-b3d4-432961e0f680.png,fc4c9249911c0fc86ac2806dfc7a7b068cbf811f1baca8c4beb4ca8380845273,accepted,unverified,20261007
car-car_071,car,car_071.png,data/project_01/images/car/car_071.png,car/car_071.png,https://www.nissanusa.com/content/dam/Nissan/us/vehicles/nissan-z/2026/overview/pfa/2026-nissan-z-v3.jpg,car,0075_https_www.nissanusa.com_content_dam_Nissan_us_vehicles_nissan-z_2026_overview_pfa_2026-nissan-z-v3.jpg,c517e644477ae60cc4b6187d3e2775a377bb65fd40d44b6a350c2f06ad179925,accepted,unverified,20261007
car-car_011,car,car_011.png,data/project_01/images/car/car_011.png,car/car_011.png,https://www.dodge.com/content/dam/fca-brands/na/dodge/en_us/bhp/2026-refresh/desktop/my25-dodge-bhp-hero-03-desktop-v2.jpg,car,0012_https_www.dodge.com_content_dam_fca-brands_na_dodge_en_us_bhp_2026-refresh_desktop_my25-dodge-bhp-hero-03-desktop-v2.jpg,48f7bcbeac60becab1bfd2b739ca6eaff4b40ed64ebf9e3c91ed6437d7403b87,accepted,unverified,20261007
car-car_094,car,car_094.png,data/project_01/images/car/car_094.png,car/car_094.png,https://i.nextmedia.com.au/Utils/ImageResizer.ashx?n=https%3A%2F%2Fi.nextmedia.com.au%2FFeatures%2Fcrop_2019-Chevrolet-Camaro-ZL1-1LE-018.jpg&q=70&h=630&w=1120&c=1&s=1,car,0100_https_i.nextmedia.com.au_Utils_ImageResizer.ashx,0e7bd0fbf7f4bdb894b885e9c3fe84cddc04b92b09212ce528fe14a80c1323a4,accepted,unverified,20261007
car-car_083,car,car_083.png,data/project_01/images/car/car_083.png,car/car_083.png,https://sherpaautotransport-media.s3.amazonaws.com/wp-content/uploads/2026/04/16012436/Hennessey-Venom-F5-Hypercar-On-Road.jpg,car,0088_https_sherpaautotransport-media.s3.amazonaws.com_wp-content_uploads_2026_04_16012436_Hennessey-Venom-F5-Hypercar-On-Road.jpg,74fbf0e16339bec299d6f7ab8fa51a456641bd521c817a29bd7cba1274b995ec,accepted,unverified,20261007
car-car_022,car,car_022.png,data/project_01/images/car/car_022.png,car/car_022.png,"https://imageio.forbes.com/specials-images/imageserve/5d35eacaf1176b0008974b54/0x0.jpg?format=jpg&crop=4560,2565,x790,y784,safe&height=600&width=1200&fit=bounds",car,0023_https_imageio.forbes.com_specials-images_imageserve_5d35eacaf1176b0008974b54_0x0.jpg,588fea84107fbf7ff2629afbd7107437f841f9fb8a17fcc683d17053673bab13,accepted,unverified,20261007
car-car_082,car,car_082.png,data/project_01/images/car/car_082.png,car/car_082.png,https://appraisalengine.com/wp-content/uploads/Luxury-Car-Brands-scaled.jpg,car,0087_https_appraisalengine.com_wp-content_uploads_Luxury-Car-Brands-scaled.jpg,678ac1399106c44eff586603e170d1b0898f72ba1ccf0c8503e9558f7697e275,accepted,unverified,20261007
car-car_020,car,car_020.png,data/project_01/images/car/car_020.png,car/car_020.png,https://us-east-1.graphassets.com/ALdcW1bJASgybTvL42Dznz/sitthFDLQd6b9UpZlkLc,car,0021_https_us-east-1.graphassets.com_ALdcW1bJASgybTvL42Dznz_sitthFDLQd6b9UpZlkLc,2a91a0f46f728081e07ea502c57fe8cecb62c8b1db82c781a0e37d90c52b9c90,accepted,unverified,20261007
car-car_035,car,car_035.png,data/project_01/images/car/car_035.png,car/car_035.png,https://images.photowall.com/products/53515/sports-car.jpg?h=699&q=85,car,0036_https_images.photowall.com_products_53515_sports-car.jpg,df496b30591172c9a5b9db46cda1eb0745bdb7239c12b4bc67c8437ac6626dcc,accepted,unverified,20261007
car-car_052,car,car_052.png,data/project_01/images/car/car_052.png,car/car_052.png,https://news.gm.com/content/Pages/topic/us/en/2026/jan/0115-corvette-zr1/_jcr_content/boilerplate/image_1985226880.img.jpg/chevrolet-corvette-zr1-coupe-001.jpg,car,0055_https_news.gm.com_content_Pages_topic_us_en_2026_jan_0115-corvette-zr1__jcr_content_boilerplate_image_1985226880.img.jpg_chevrolet-corvette-zr1-coupe-001.jpg,e57aa6cba41535008295c8b5ed46d6ba48eb6fafb8443b5e872927b1c8d7ca25,accepted,unverified,20261007
car-car_038,car,car_038.png,data/project_01/images/car/car_038.png,car/car_038.png,https://images.ctfassets.net/c9t6u0qhbv9e/51BvveSoJuCeQDCIPXBQz5/2c9e3699b879077185950571ecb429ea/IMG_2662.jpeg,car,0040_https_images.ctfassets.net_c9t6u0qhbv9e_51BvveSoJuCeQDCIPXBQz5_2c9e3699b879077185950571ecb429ea_IMG_2662.jpeg,658a08d731354119985672824a03318aca2c495ae21f71107adb426a4ffe27c2,accepted,unverified,20261007
car-car_037,car,car_037.png,data/project_01/images/car/car_037.png,car/car_037.png,https://www-asia.nissan-cdn.net/content/dam/Nissan/in/vehicles/NissanIntelligentChoice/4-Website-Page-1500x664-241224.jpg.ximg.l_full_m.smart.jpg,car,0038_https_www-asia.nissan-cdn.net_content_dam_Nissan_in_vehicles_NissanIntelligentChoice_4-Website-Page-1500x664-241224.jpg.ximg.l_full_m.smart.jpg,d132e904cc1af2e988128148e3d4efbc1abf9ab9c8786db3c2adf6dc55af5c09,accepted,unverified,20261007
car-car_010,car,car_010.png,data/project_01/images/car/car_010.png,car/car_010.png,https://www.astonmartin.com/-/media/our-world/vanquish-and-valhalla-robb-report-2026/hero-banner-2-desktop.jpg?mw=1920&rev=-1&hash=AFC955402D5BE05F7DB214ED892336EA,car,0011_https_www.astonmartin.com_-_media_our-world_vanquish-and-valhalla-robb-report-2026_hero-banner-2-desktop.jpg,389736f8abcb51fefd435bf7305e3e3de733490a2a6665d97d1c08d7dfded5fd,accepted,unverified,20261007
car-car_064,car,car_064.png,data/project_01/images/car/car_064.png,car/car_064.png,https://t4.ftcdn.net/jpg/02/08/74/75/360_F_208747516_rX1r04ATrM2u6aoN1OICB9yyroU9dgUL.jpg,car,0068_https_t4.ftcdn.net_jpg_02_08_74_75_360_F_208747516_rX1r04ATrM2u6aoN1OICB9yyroU9dgUL.jpg,42f740e5eceb2d4fbad651011b9af8407109418c6dc0050ef6aa9bd2a3ed2274,accepted,unverified,20261007
car-car_032,car,car_032.png,data/project_01/images/car/car_032.png,car/car_032.png,"https://hips.hearstapps.com/hmg-prod/images/2026-ferrari-f80-176-686e843d2569f.jpg?crop=0.636xw:0.536xh;0.165xw,0.325xh&resize=400:*",car,0033_https_hips.hearstapps.com_hmg-prod_images_2026-ferrari-f80-176-686e843d2569f.jpg,f752d48620192829d77a31385d2e8c973a194cf836873df8ad0ed0bacf261e30,accepted,unverified,20261007
cat-cat_021,cat,cat_021.png,data/project_01/images/cat/cat_021.png,cat/cat_021.png,https://www.cdc.gov/healthy-pets/media/images/2024/04/Cat-on-couch.jpg,cat,0021_https_www.cdc.gov_healthy-pets_media_images_2024_04_Cat-on-couch.jpg,7ae8b3eb0776d58387e5dfa19fb2660cea23e8c37022a49d2ddaaee5b7061d1f,accepted,unverified,20261007
cat-cat_063,cat,cat_063.png,data/project_01/images/cat/cat_063.png,cat/cat_063.png,https://www.purina.co.nz/sites/default/files/2025-09/AOA_CENMKTG_PU_Website%20Article_27-Your%20Cat%27s%20Age%20in%20Human%20Years_1440x560px_091625_1.jpg,cat,0063_https_www.purina.co.nz_sites_default_files_2025-09_AOA_CENMKTG_PU_Website_Article_27-Your_Cat_s_Age_in_Human_Years_1440x560px_091625_1.jpg,895466f2ed3f64c1490313d654f9449f2b7278692cd39c37f7adec2e86183ffb,accepted,unverified,20261007
cat-cat_089,cat,cat_089.png,data/project_01/images/cat/cat_089.png,cat/cat_089.png,https://i.natgeofe.com/n/9135ca87-0115-4a22-8caf-d1bdef97a814/75552.jpg,cat,0090_https_i.natgeofe.com_n_9135ca87-0115-4a22-8caf-d1bdef97a814_75552.jpg,803832f0fc39545be4b44a08b7ca393300b772df69a30c17a620392a17b7bd3c,accepted,unverified,20261007
cat-cat_007,cat,cat_007.png,data/project_01/images/cat/cat_007.png,cat/cat_007.png,https://media.4-paws.org/9/c/9/7/9c97c38666efa11b79d94619cc1db56e8c43d430/Molly_006-2829x1886-2726x1886-1920x1328.jpg,cat,0007_https_media.4-paws.org_9_c_9_7_9c97c38666efa11b79d94619cc1db56e8c43d430_Molly_006-2829x1886-2726x1886-1920x1328.jpg,92bf6ddcbf5965997658f67c0b2d95ca46364b06e9d8b848426c34ba3c5a65ec,accepted,unverified,20261007
cat-cat_035,cat,cat_035.png,data/project_01/images/cat/cat_035.png,cat/cat_035.png,https://images.squarespace-cdn.com/content/v1/53d40acae4b00000003f5e7c/d9aebc57-a9d3-4c44-ba26-ea546698f73d/Applesauce+1.jpg?format=2500w,cat,0035_https_images.squarespace-cdn.com_content_v1_53d40acae4b00000003f5e7c_d9aebc57-a9d3-4c44-ba26-ea546698f73d_Applesauce_1.jpg,bcad208eb093758640292b36642931b3a12bf6997b63578ad18a4d1effdf34b9,accepted,unverified,20261007
cat-cat_020,cat,cat_020.png,data/project_01/images/cat/cat_020.png,cat/cat_020.png,https://www.brookfieldzoo.org/cache/assets/y4b3fp715dyu/xgyrLE7Pin0lZzMEKl76a/00867edc2ba632f2b8d47c0c61496f4a/brookfield-zoo-chicago-pallas-cat-face.jpg?h=700&fm=jpg&fl=progressive,cat,0020_https_www.brookfieldzoo.org_cache_assets_y4b3fp715dyu_xgyrLE7Pin0lZzMEKl76a_00867edc2ba632f2b8d47c0c61496f4a_brookfield-zoo-chicago-pallas-cat-face.jpg,d4f91f09668609db988ce15b095e3bfbc749515ae2c171b5e68b5578700da365,accepted,unverified,20261007
cat-cat_096,cat,cat_096.png,data/project_01/images/cat/cat_096.png,cat/cat_096.png,https://www.humaneworld.org/sites/default/files/styles/responsive_3_4_350w/public/2022-09/stray-cat-579765.jpg.webp?h=e22bf01e&itok=KMsjvHN9,cat,0098_https_www.humaneworld.org_sites_default_files_styles_responsive_3_4_350w_public_2022-09_stray-cat-579765.jpg.webp,efd11ed4cd16d091e0cd494a7b822273c56c1d35bcf35eb72f0beb92828cfcd6,accepted,unverified,20261007
cat-cat_056,cat,cat_056.png,data/project_01/images/cat/cat_056.png,cat/cat_056.png,https://bestfriends.org/sites/default/files/styles/image_small_mobile/public/image/orange-cat-with-stripes_1.jpg-547022.jpg?itok=41SF-kZx,cat,0056_https_bestfriends.org_sites_default_files_styles_image_small_mobile_public_image_orange-cat-with-stripes_1.jpg-547022.jpg,618d16c8daada3323faea26c3e8b657ab7b01c140ba86db29351e19df8eb0676,accepted,unverified,20261007
cat-cat_015,cat,cat_015.png,data/project_01/images/cat/cat_015.png,cat/cat_015.png,"https://media.newyorker.com/photos/5dfab39dde5fcf00086aec77/4:3/w_2271,h_1703,c_limit/Lane-Cats.jpg",cat,0015_https_media.newyorker.com_photos_5dfab39dde5fcf00086aec77_4_3_w_2271_h_1703_c_limit_Lane-Cats.jpg,437372708f4672edddb8162da5a94e53532573a3a08f6e7cdde068736e87859b,accepted,unverified,20261007
cat-cat_061,cat,cat_061.png,data/project_01/images/cat/cat_061.png,cat/cat_061.png,https://images.aeonmedia.co/images/4feda9d0-bdb6-464f-88e3-b70ae02578fe/essay-wood-cats-149626371.jpg?width=3840&quality=75&format=auto,cat,0061_https_images.aeonmedia.co_images_4feda9d0-bdb6-464f-88e3-b70ae02578fe_essay-wood-cats-149626371.jpg,310a2826eca297c057a4101f162c9ec4dce833fcf53a747fe5eb1e195a005fe7,accepted,unverified,20261007
cat-cat_079,cat,cat_079.png,data/project_01/images/cat/cat_079.png,cat/cat_079.png,https://news.stanford.edu/__data/assets/image/0024/170475/cats.jpg,cat,0080_https_news.stanford.edu___data_assets_image_0024_170475_cats.jpg,1f3dd4d832600be88ff256c0900dbbdd27c69b9d289918729ec7192095b5d879,accepted,unverified,20261007
cat-cat_060,cat,cat_060.png,data/project_01/images/cat/cat_060.png,cat/cat_060.png,https://www.225batonrouge.com/wp-content/uploads/2025/10/Logan-1-scaled.jpg,cat,0060_https_www.225batonrouge.com_wp-content_uploads_2025_10_Logan-1-scaled.jpg,74194d27676dbf72c37a59006393a021713acf7d521709532e28f0d22783d219,accepted,unverified,20261007
cat-cat_083,cat,cat_083.png,data/project_01/images/cat/cat_083.png,cat/cat_083.png,https://www.vetstreet.com/wp-content/uploads/2022/09/shutterstock_2161329129-scaled.jpg,cat,0084_https_www.vetstreet.com_wp-content_uploads_2022_09_shutterstock_2161329129-scaled.jpg,7da6d27c730f90aeb672ff025693c85512df87535f2279452e61e8a1ec1d2e92,accepted,unverified,20261007
cat-cat_047,cat,cat_047.png,data/project_01/images/cat/cat_047.png,cat/cat_047.png,https://wpcdn.web.wsu.edu/news/uploads/sites/2797/2025/03/cat2-1024x676.jpg,cat,0047_https_wpcdn.web.wsu.edu_news_uploads_sites_2797_2025_03_cat2-1024x676.jpg,579ec771bf1e1458c6aed6989521362b34808205552df6bdff8a614aa3e0cbc2,accepted,unverified,20261007
cat-cat_078,cat,cat_078.png,data/project_01/images/cat/cat_078.png,cat/cat_078.png,https://www.vetmed.ucdavis.edu/sites/g/files/dgvnsk491/files/styles/sf_landscape_16x9/public/media/images/20230224_meg_0224.jpg?h=9e99afb5&itok=ypn6fR6y,cat,0079_https_www.vetmed.ucdavis.edu_sites_g_files_dgvnsk491_files_styles_sf_landscape_16x9_public_media_images_20230224_meg_0224.jpg,98b42a958bebe887d89ec88c031f9d719c37667c68ed17b44ebc2415ea2b9140,accepted,unverified,20261007
cat-cat_044,cat,cat_044.png,data/project_01/images/cat/cat_044.png,cat/cat_044.png,https://i.natgeofe.com/n/18ba938a-86df-4d9f-9f70-f8e8a2006257/NatGeoEdit_07.jpg,cat,0044_https_i.natgeofe.com_n_18ba938a-86df-4d9f-9f70-f8e8a2006257_NatGeoEdit_07.jpg,b1265bb4a2a71f57d6005ec8afbcb329b5253831f179e61aaad4ed4460a680de,accepted,unverified,20261007
cat-cat_012,cat,cat_012.png,data/project_01/images/cat/cat_012.png,cat/cat_012.png,https://d2zp5xs5cp8zlg.cloudfront.net/image-79322-800.jpg,cat,0012_https_d2zp5xs5cp8zlg.cloudfront.net_image-79322-800.jpg,24b4053a6eaa2990ed46b27accdc32bf049089afddf13ba6716a17046daac4bd,accepted,unverified,20261007
cat-cat_041,cat,cat_041.png,data/project_01/images/cat/cat_041.png,cat/cat_041.png,https://lcshelter.org/wp-content/uploads/2024/11/lewis-clark-animal-shelter-lewiston-idaho-cat.png,cat,0041_https_lcshelter.org_wp-content_uploads_2024_11_lewis-clark-animal-shelter-lewiston-idaho-cat.png,31f0bc36bff8733d6d01666f073868d8310a3ea7ab56f29c22911fe5ff7f0209,accepted,unverified,20261007
cat-cat_038,cat,cat_038.png,data/project_01/images/cat/cat_038.png,cat/cat_038.png,https://upload.wikimedia.org/wikipedia/commons/thumb/3/3a/Cat03.jpg/1280px-Cat03.jpg?utm_source=en.wiktionary.org&utm_campaign=index&utm_content=thumbnail,cat,0038_https_upload.wikimedia.org_wikipedia_commons_thumb_3_3a_Cat03.jpg_1280px-Cat03.jpg,e7178d24013da29b3a644fe37058981b59c69658a01a3ec4d13a01cebd588b87,accepted,unverified,20261007
cat-cat_039,cat,cat_039.png,data/project_01/images/cat/cat_039.png,cat/cat_039.png,https://cdn.sanity.io/images/d075r9p6/production/a7ba30c1ab64019e1c5db2cc39671a36fa68c6a7-440x538.jpg?auto=format&fit=max&q=75&w=440,cat,0039_https_cdn.sanity.io_images_d075r9p6_production_a7ba30c1ab64019e1c5db2cc39671a36fa68c6a7-440x538.jpg,668dba3dabb6010f78d4cdc69a0561043eb2a750abdeed7a651bbcce052769a9,accepted,unverified,20261007
cat-cat_017,cat,cat_017.png,data/project_01/images/cat/cat_017.png,cat/cat_017.png,https://i.guim.co.uk/img/media/327aa3f0c3b8e40ab03b4ae80319064e401c6fbc/377_133_3542_2834/master/3542.jpg?width=700&quality=85&auto=format&fit=max&s=6358df6dcb66158b5227b0c4444902e7,cat,0017_https_i.guim.co.uk_img_media_327aa3f0c3b8e40ab03b4ae80319064e401c6fbc_377_133_3542_2834_master_3542.jpg,186e2b2d06862e09e8407bbfc89426434ca10e3d0e1a98c9e5275e0da429d959,accepted,unverified,20261007
cat-cat_085,cat,cat_085.png,data/project_01/images/cat/cat_085.png,cat/cat_085.png,https://images.squarespace-cdn.com/content/v1/588cd03603596e0fcbb9c506/1628451291522-OS8R7KKCO8PEQY2AHB0H/feral+cat+socialising+purrito,cat,0086_https_images.squarespace-cdn.com_content_v1_588cd03603596e0fcbb9c506_1628451291522-OS8R7KKCO8PEQY2AHB0H_feral_cat_socialising_purrito,837f6f052e377fe223904963e0dabea4795a8e8df4daa31252403169c0db733a,accepted,unverified,20261007
cat-cat_065,cat,cat_065.png,data/project_01/images/cat/cat_065.png,cat/cat_065.png,https://peninsulavet.com.au/wp-content/uploads/2020/10/CAT-CHAT-3.jpg,cat,0065_https_peninsulavet.com.au_wp-content_uploads_2020_10_CAT-CHAT-3.jpg,c00241b67d13159d8f227f651712126be0217ce7852aeac96f95e75dd84d4c6f,accepted,unverified,20261007
cat-cat_098,cat,cat_098.png,data/project_01/images/cat/cat_098.png,cat/cat_098.png,https://brownvethospital.com/wp-content/uploads/2023/09/cat-happiness-scaled.jpg,cat,0100_https_brownvethospital.com_wp-content_uploads_2023_09_cat-happiness-scaled.jpg,ad9e9f360f0bd5c8cb2022edc47cc0effc9a5ba328a417421b45138f7223afa1,accepted,unverified,20261007
cat-cat_016,cat,cat_016.png,data/project_01/images/cat/cat_016.png,cat/cat_016.png,https://moderncat.com/wp-content/uploads/2015/03/bigstock-405819263_-Lena42r-940x640.jpg,cat,0016_https_moderncat.com_wp-content_uploads_2015_03_bigstock-405819263_-Lena42r-940x640.jpg,7bd35943457c9c1c372befb368e26440e72683798780df995c2964894a55d410,accepted,unverified,20261007
cat-cat_040,cat,cat_040.png,data/project_01/images/cat/cat_040.png,cat/cat_040.png,https://www.purepawsvet.com/wp-content/uploads/2025/12/amazing-facts-about-cats.jpg,cat,0040_https_www.purepawsvet.com_wp-content_uploads_2025_12_amazing-facts-about-cats.jpg,e493f8a9ccc1235934463b88948d03ae2b34fad25a0d3048525492de464dab04,accepted,unverified,20261007
cat-cat_001,cat,cat_001.png,data/project_01/images/cat/cat_001.png,cat/cat_001.png,https://upload.wikimedia.org/wikipedia/commons/thumb/4/4d/Cat_November_2010-1a.jpg/960px-Cat_November_2010-1a.jpg,cat,0001_https_upload.wikimedia.org_wikipedia_commons_thumb_4_4d_Cat_November_2010-1a.jpg_960px-Cat_November_2010-1a.jpg,a13935f935c3ff1aaf2375d87016d0bc92e1a633ae9917309938808ae918214b,accepted,unverified,20261007
cat-cat_062,cat,cat_062.png,data/project_01/images/cat/cat_062.png,cat/cat_062.png,https://www.calgaryzoo.com/wp-content/uploads/2024/09/DSC01798-1.jpg,cat,0062_https_www.calgaryzoo.com_wp-content_uploads_2024_09_DSC01798-1.jpg,1edfff69010e013101733c5a49001a89a2425648114a28aba53667cdac3c453b,accepted,unverified,20261007
cat-cat_003,cat,cat_003.png,data/project_01/images/cat/cat_003.png,cat/cat_003.png,https://cdn.britannica.com/70/234870-050-D4D024BB/Orange-colored-cat-yawns-displaying-teeth.jpg,cat,0003_https_cdn.britannica.com_70_234870-050-D4D024BB_Orange-colored-cat-yawns-displaying-teeth.jpg,e85fc718ba3cd6101bed9bba9319236272356d8241e4841d19735d6090a60f2b,accepted,unverified,20261007
cat-cat_087,cat,cat_087.png,data/project_01/images/cat/cat_087.png,cat/cat_087.png,https://media.4-paws.org/a/5/3/7/a537f08d227326121b80790ba54036498668c9c8/VIER%20PFOTEN_2016-07-08_011-4993x3455-1920x1329.jpg,cat,0088_https_media.4-paws.org_a_5_3_7_a537f08d227326121b80790ba54036498668c9c8_VIER_PFOTEN_2016-07-08_011-4993x3455-1920x1329.jpg,c357f48452b81edfe83c64dd823f0dd593e453fe5c719b0aaf88275646bcf907,accepted,unverified,20261007
deer-deer_055,deer,deer_055.png,data/project_01/images/deer/deer_055.png,deer/deer_055.png,https://a-z-animals.com/media/2022/09/iStock-1302432564.jpg,deer,0063_https_a-z-animals.com_media_2022_09_iStock-1302432564.jpg,d2f9370b92d8ebef53f077fb74c0fe00003efbdc56ec917e730fb85eb77aa89e,accepted,unverified,20261007
deer-deer_042,deer,deer_042.png,data/project_01/images/deer/deer_042.png,deer/deer_042.png,https://cdn.firespring.com/images/c9064e1e-b808-4505-9927-fbad49604cb1.jpeg,deer,0047_https_cdn.firespring.com_images_c9064e1e-b808-4505-9927-fbad49604cb1.jpeg,3fee81822884369a37c642e580141bcddfaf9413535808ca6d0cf2ad44105e1c,accepted,unverified,20261007
deer-deer_023,deer,deer_023.png,data/project_01/images/deer/deer_023.png,deer/deer_023.png,https://experiencecadescove.com/media/660ac2edf35c28828b8e51b6/large.webp,deer,0025_https_experiencecadescove.com_media_660ac2edf35c28828b8e51b6_large.webp,24bef727325e02762952b71e785e919b213b60ed5c83c567cd4e128c52ca2f59,accepted,unverified,20261007
deer-deer_006,deer,deer_006.png,data/project_01/images/deer/deer_006.png,deer/deer_006.png,https://www.crittercontrol.com/crittercontrol/crittercontrol/media/CritterControl/Critters/Images/Deer%20Images/deer-picture-for-identification.jpg,deer,0008_https_www.crittercontrol.com_crittercontrol_crittercontrol_media_CritterControl_Critters_Images_Deer_Images_deer-picture-for-identification.jpg,bd1fb1f1046575cb707affe5c0f87ac532608eae4e09c59e21d14b62f5d93181,accepted,unverified,20261007
deer-deer_064,deer,deer_064.png,data/project_01/images/deer/deer_064.png,deer/deer_064.png,https://www.aces.edu/wp-content/uploads/2025/10/shutterstock_324485549-scaled.jpg,deer,0072_https_www.aces.edu_wp-content_uploads_2025_10_shutterstock_324485549-scaled.jpg,4f98d4f0e20b33b33f0775e6defa54ab931255f8032ca39018d833b99e3010e0,accepted,unverified,20261007
deer-deer_007,deer,deer_007.png,data/project_01/images/deer/deer_007.png,deer/deer_007.png,https://www.wildlifetrusts.org/sites/default/files/styles/spotlight_default/public/2017-12/Fallow%20Deer%20-%20July%202015%20Gillian%20Day%202.JPG?h=e7eded5b&itok=HILGuOWG,deer,0009_https_www.wildlifetrusts.org_sites_default_files_styles_spotlight_default_public_2017-12_Fallow_Deer_-_July_2015_Gillian_Day_2.JPG,9914990da463bfb1fdd02024132e25cf0336bc9839508cb2c186c7d8f64016bf,accepted,unverified,20261007
deer-deer_034,deer,deer_034.png,data/project_01/images/deer/deer_034.png,deer/deer_034.png,https://i0.wp.com/www.adirondackexplorer.org/wp-content/uploads/2020/06/deer-kostoss-4.jpg?fit=810%2C540&ssl=1,deer,0039_https_i0.wp.com_www.adirondackexplorer.org_wp-content_uploads_2020_06_deer-kostoss-4.jpg,879010d083f61c6b956c0fac8d2125bf0197cbb811e386dea01900e463ad65e7,accepted,unverified,20261007
deer-deer_053,deer,deer_053.png,data/project_01/images/deer/deer_053.png,deer/deer_053.png,https://hscfdn.org/wp-content/uploads/2025/08/whitetail417-x-617-px.jpg,deer,0061_https_hscfdn.org_wp-content_uploads_2025_08_whitetail417-x-617-px.jpg,c5dd6323e855a3c443e60a4b373f0741719d4478c905b59a3bf5a0c4ac71d551,accepted,unverified,20261007
deer-deer_066,deer,deer_066.png,data/project_01/images/deer/deer_066.png,deer/deer_066.png,https://images.rzss.org.uk/media/Highland_Wildlife_Park/HWP_animals/Bukhara_deer/bukhara_deer_4.jpg,deer,0074_https_images.rzss.org.uk_media_Highland_Wildlife_Park_HWP_animals_Bukhara_deer_bukhara_deer_4.jpg,409ac7e5e3427f9e24a42d9235a902cd55e96f701415cb400a4aefb74a72c7d1,accepted,unverified,20261007
deer-deer_060,deer,deer_060.png,data/project_01/images/deer/deer_060.png,deer/deer_060.png,https://files.nc.gov/nc-wildlife/styles/event_image/public/images/2025-07/whitetaileddeer_USFWS_r.jpg?VersionId=xcVpcdsGuzcu1mSYds9XR9oZLjBuFoMQ&itok=7DxygCmo,deer,0068_https_files.nc.gov_nc-wildlife_styles_event_image_public_images_2025-07_whitetaileddeer_USFWS_r.jpg,15eb30c4115fa01b27451b1264d0f28733b76dce8749c8a9501de266d6752a3a,accepted,unverified,20261007
deer-deer_086,deer,deer_086.png,data/project_01/images/deer/deer_086.png,deer/deer_086.png,https://www.outdoorlife.com/wp-content/uploads/2025/10/Big4BTside12.23.3.jpg?quality=85&w=1152,deer,0097_https_www.outdoorlife.com_wp-content_uploads_2025_10_Big4BTside12.23.3.jpg,95ae8225cd9b729dda5f8fb94802c13b28f320342d4f8056c63e8e3a8d5f080f,accepted,unverified,20261007
deer-deer_048,deer,deer_048.png,data/project_01/images/deer/deer_048.png,deer/deer_048.png,https://static01.nyt.com/images/2023/10/12/science/00sci-deer/00sci-deer-mediumSquareAt3X.jpg,deer,0055_https_static01.nyt.com_images_2023_10_12_science_00sci-deer_00sci-deer-mediumSquareAt3X.jpg,9ad2bbf7f8b2a75da83bebe9038069b9b609a1b12d081535ff107c02eea262b3,accepted,unverified,20261007
deer-deer_065,deer,deer_065.png,data/project_01/images/deer/deer_065.png,deer/deer_065.png,https://www.nps.gov/romo/learn/nature/images/MuleDeer_Cover_688x400.jpg?maxwidth=1300&maxheight=1300&autorotate=false&format=webp,deer,0073_https_www.nps.gov_romo_learn_nature_images_MuleDeer_Cover_688x400.jpg,3095f2aceae21136dc9fecb5ea4c177da3c1a98a59983db52653d2ea09d5d540,accepted,unverified,20261007
deer-deer_032,deer,deer_032.png,data/project_01/images/deer/deer_032.png,deer/deer_032.png,https://marvel-b1-cdn.bc0a.com/f00000000299769/www.thewilds.org/sites/default/files/styles/square_large/public/assets/animals/Bactrian%20Deer%202755%20-%20Amanda%20Carberry%2C%20Columbus%20Zoo%20and%20Aquarium.jpg?h=43d8223c&itok=1Y7XWDio,deer,0036_https_marvel-b1-cdn.bc0a.com_f00000000299769_www.thewilds.org_sites_default_files_styles_square_large_public_assets_animals_Bactrian_Deer_2755_-_Amanda_Carberry_Columbus_Zoo_and_Aquarium.jpg,97a2ebc30f6e289b5ccc125a589b208a622897e231f099bb909bacefbe81b5e4,accepted,unverified,20261007
deer-deer_041,deer,deer_041.png,data/project_01/images/deer/deer_041.png,deer/deer_041.png,https://blog.nature.org/wp-content/uploads/2021/07/43526572940_03e9a1ee60_k.jpg,deer,0046_https_blog.nature.org_wp-content_uploads_2021_07_43526572940_03e9a1ee60_k.jpg,7704b0b0c80bc631a7137860af605700d1cd770244c20e8f4d4a1f12feb706b5,accepted,unverified,20261007
deer-deer_061,deer,deer_061.png,data/project_01/images/deer/deer_061.png,deer/deer_061.png,https://brevardzoo.org/wp-content/uploads/2023/06/230608-7-scaled.jpg,deer,0069_https_brevardzoo.org_wp-content_uploads_2023_06_230608-7-scaled.jpg,96eea67ea7a367400350bdee5cbeb692d984e393f3c6e562a07e3f8e3aaf638e,accepted,unverified,20261007
deer-deer_057,deer,deer_057.png,data/project_01/images/deer/deer_057.png,deer/deer_057.png,https://www.dakotazoo.org/image/cache/whitey.jpg,deer,0065_https_www.dakotazoo.org_image_cache_whitey.jpg,d7fbd9aa12cbb1979469152f3fc1638b162e4f6b8b2dd5e992a4c43b8ea21a75,accepted,unverified,20261007
deer-deer_083,deer,deer_083.png,data/project_01/images/deer/deer_083.png,deer/deer_083.png,https://mtnhp.org/thumbnail/defaultGen.aspx?itemid=247659&names=White-tailed%20Deer%20Odocoileus%20virginianus&copyright=Nathan%20DeBoer&photographer=Nathan%20DeBoer&maxWidth=434&maxHeight=400,deer,0094_https_mtnhp.org_thumbnail_defaultGen.aspx,7eec7057c945f67057d686c8b7a578178413d5525905c816511124ff6f73c7ec,accepted,unverified,20261007
deer-deer_026,deer,deer_026.png,data/project_01/images/deer/deer_026.png,deer/deer_026.png,https://sustainablebusinessmagazine.net/wp-content/uploads/2025/05/pexels-manuel-toledo-434387434-31043155.jpg,deer,0029_https_sustainablebusinessmagazine.net_wp-content_uploads_2025_05_pexels-manuel-toledo-434387434-31043155.jpg,c0fc525f48fc0dda38ceedcbd179a37950b2140696348cb832354e97fa3873f2,accepted,unverified,20261007
deer-deer_063,deer,deer_063.png,data/project_01/images/deer/deer_063.png,deer/deer_063.png,https://www.vtfishandwildlife.com/sites/fishandwildlife/files/images/Learn%20More/VT%20Critters/VTFW-White-tailed-Deer_resized.jpg,deer,0071_https_www.vtfishandwildlife.com_sites_fishandwildlife_files_images_Learn_More_VT_Critters_VTFW-White-tailed-Deer_resized.jpg,dfcb357a9a6495d8366cd49b377436bf59d06a1c05625794c8c665561c3638e0,accepted,unverified,20261007
deer-deer_002,deer,deer_002.png,data/project_01/images/deer/deer_002.png,deer/deer_002.png,https://cdn.britannica.com/40/109040-050-62EEDEA6/Male-white-tailed-deer.jpg,deer,0002_https_cdn.britannica.com_40_109040-050-62EEDEA6_Male-white-tailed-deer.jpg,be2b5c719cd8166fa1e8ed1aeaf4c575ca4dfc9230e827af9bdd3174912c57c0,accepted,unverified,20261007
deer-deer_010,deer,deer_010.png,data/project_01/images/deer/deer_010.png,deer/deer_010.png,https://www.mossyoak.com/sites/default/files/inline-images/whitetail%20buck.jpg,deer,0012_https_www.mossyoak.com_sites_default_files_inline-images_whitetail_buck.jpg,ff14dd78981905d7fec61dea908056b6d1986c9d2514d17d89cafd2c49d51004,accepted,unverified,20261007
deer-deer_082,deer,deer_082.png,data/project_01/images/deer/deer_082.png,deer/deer_082.png,https://ke-courses-production.s3.amazonaws.com/asset_files/production/111/attachments/original/glossary-m-whitetail.jpg?1600789688,deer,0092_https_ke-courses-production.s3.amazonaws.com_asset_files_production_111_attachments_original_glossary-m-whitetail.jpg,167cdf956a7d095a0a9e1e0765401c65dbdfc62da8b8c32cd446bf4b5ee30c5c,accepted,unverified,20261007
deer-deer_035,deer,deer_035.png,data/project_01/images/deer/deer_035.png,deer/deer_035.png,https://chazoo.s3.amazonaws.com/white-tailed-deer-side-view.JPG,deer,0040_https_chazoo.s3.amazonaws.com_white-tailed-deer-side-view.JPG,2cdda02d7995010f064d6a83c871aff4d3e75626bd667d1ffdda7b6b7f07397d,accepted,unverified,20261007
deer-deer_022,deer,deer_022.png,data/project_01/images/deer/deer_022.png,deer/deer_022.png,https://wildlifeillinois.org/wp-content/uploads/2018/11/Buck-on-playground.jpeg,deer,0024_https_wildlifeillinois.org_wp-content_uploads_2018_11_Buck-on-playground.jpeg,8fdc09d25b4b9210b81c672a7a74f245fd9e3a60afa95b39650386830db820c2,accepted,unverified,20261007
deer-deer_031,deer,deer_031.png,data/project_01/images/deer/deer_031.png,deer/deer_031.png,https://s7d9.scene7.com/is/image/statepa/deer-7?ts=1725476249966&dpr=off,deer,0035_https_s7d9.scene7.com_is_image_statepa_deer-7,2eb93abe66cac5975473d2b3f33cffeb22a1286abd7a8e0a5fea40d0884652fd,accepted,unverified,20261007
deer-deer_004,deer,deer_004.png,data/project_01/images/deer/deer_004.png,deer/deer_004.png,https://cdn.visitthefarm.com/wp-content/uploads/2025/01/Fallow-Deer.jpg,deer,0004_https_cdn.visitthefarm.com_wp-content_uploads_2025_01_Fallow-Deer.jpg,9b0d58ad6ab781b2c4c69f8c2902d7b939ccb868ba58045d571e583c6dbae0df,accepted,unverified,20261007
deer-deer_008,deer,deer_008.png,data/project_01/images/deer/deer_008.png,deer/deer_008.png,https://muledeer.org/wp-content/themes/yootheme/cache/2b/Muley-Look-Back-2b06fefa.png,deer,0010_https_muledeer.org_wp-content_themes_yootheme_cache_2b_Muley-Look-Back-2b06fefa.png,5bae9f788906c7508450a982da387f2b0b6c75b39d54be45cf8c9ffff0756cb9,accepted,unverified,20261007
deer-deer_046,deer,deer_046.png,data/project_01/images/deer/deer_046.png,deer/deer_046.png,https://a-z-animals.com/media/animals/images/original/deer5.jpg,deer,0053_https_a-z-animals.com_media_animals_images_original_deer5.jpg,3d2495913fc3436668697f82a430a21b5a26ec0b5d7c380f32997b982715566b,accepted,unverified,20261007
deer-deer_038,deer,deer_038.png,data/project_01/images/deer/deer_038.png,deer/deer_038.png,https://fpdcc.com/wp-content/uploads/2019/01/schiller-woods-deep-shah-feb18.jpg,deer,0043_https_fpdcc.com_wp-content_uploads_2019_01_schiller-woods-deep-shah-feb18.jpg,10f1e54481d611c333aa5c296ea15d67e1dce0b1ba240e4661db9a7dbc523ee6,accepted,unverified,20261007
dog-dog_066,dog,dog_066.png,data/project_01/images/dog/dog_066.png,dog/dog_066.png,"https://www.uk.pedigree.com/cdn-cgi/image/format=auto,q=90/sites/g/files/fnmzdf8691/files/2023-06/pexels-sarah-chai-7282710.jpg",dog,0069_https_www.uk.pedigree.com_cdn-cgi_image_format_auto_q_90_sites_g_files_fnmzdf8691_files_2023-06_pexels-sarah-chai-7282710.jpg,ff35dc51d680265806ce9d103cd553bef43264d226178270e24ceda7d6116f81,accepted,unverified,20261007
dog-dog_005,dog,dog_005.png,data/project_01/images/dog/dog_005.png,dog/dog_005.png,https://www.nylabone.com/-/media/project/oneweb/nylabone/images/dog101/10-intelligent-dog-breeds/golden-retriever-tongue-out.jpg?h=430&w=710&hash=7FEB820D235A44B76B271060E03572C7,dog,0005_https_www.nylabone.com_-_media_project_oneweb_nylabone_images_dog101_10-intelligent-dog-breeds_golden-retriever-tongue-out.jpg,163bb13a78d13c870d26d42fe49e091e9cbe5406fdef31ae261e5129014f3bdd,accepted,unverified,20261007
dog-dog_044,dog,dog_044.png,data/project_01/images/dog/dog_044.png,dog/dog_044.png,https://cmg-cmg-tv-10010-prod.cdn.arcpublishing.com/resizer/v2/6LYK2IF5WRINNIL5VTK4W3WJQ4.png?smart=true&width=1010&height=568,dog,0046_https_cmg-cmg-tv-10010-prod.cdn.arcpublishing.com_resizer_v2_6LYK2IF5WRINNIL5VTK4W3WJQ4.png,dcd82d1f5d779296c430aeca84259d3bd5602fc77020c685a3d6ed7d44744f00,accepted,unverified,20261007
dog-dog_032,dog,dog_032.png,data/project_01/images/dog/dog_032.png,dog/dog_032.png,https://www.aspca.org/sites/default/files/dog-care_dog-bite-prevention_main-image.jpg,dog,0034_https_www.aspca.org_sites_default_files_dog-care_dog-bite-prevention_main-image.jpg,8ec8270f59bfb3c2474ca238a206e2b63bfb30230135ecf040d2061087a9a438,accepted,unverified,20261007
dog-dog_004,dog,dog_004.png,data/project_01/images/dog/dog_004.png,dog/dog_004.png,https://cdn.britannica.com/92/212692-050-D53981F5/labradoodle-dog-stick-running-grass.jpg,dog,0004_https_cdn.britannica.com_92_212692-050-D53981F5_labradoodle-dog-stick-running-grass.jpg,baac093a60d82d7332171458d3d3798834d184ff025c30034f0ee4df91a7ee50,accepted,unverified,20261007
dog-dog_054,dog,dog_054.png,data/project_01/images/dog/dog_054.png,dog/dog_054.png,https://money.com/wp-content/uploads/2024/03/Best-Small-Dog-Breeds-Pomeranian.jpg?quality=60,dog,0056_https_money.com_wp-content_uploads_2024_03_Best-Small-Dog-Breeds-Pomeranian.jpg,eef51f58598f252d57edc653fce841c68bbdc54b88725c04cbfba3af2116c78c,accepted,unverified,20261007
dog-dog_019,dog,dog_019.png,data/project_01/images/dog/dog_019.png,dog/dog_019.png,https://pet-health-content-media.chewy.com/wp-content/uploads/2026/01/04170028/2599600-2026-01-BLG-BreedsBatch5-Dog-CarolinaDog-Hero.jpg,dog,0021_https_pet-health-content-media.chewy.com_wp-content_uploads_2026_01_04170028_2599600-2026-01-BLG-BreedsBatch5-Dog-CarolinaDog-Hero.jpg,549bc8c0b6ada66764234b363a772c367dcbbf2fe09120858f0ba62998f57fe6,accepted,unverified,20261007
dog-dog_080,dog,dog_080.png,data/project_01/images/dog/dog_080.png,dog/dog_080.png,https://cdn.royalcanin-weshare-online.io/q1ePnI0BBKJuub5qERxE/v3/pembroke-welsh-corgi-puppy-with-german-shepherd-dog-in-autumn-16-9,dog,0084_https_cdn.royalcanin-weshare-online.io_q1ePnI0BBKJuub5qERxE_v3_pembroke-welsh-corgi-puppy-with-german-shepherd-dog-in-autumn-16-9,44240f2de1f680acce6feec49b95eb570d4ae76751c78e93aa1751bead64b31b,accepted,unverified,20261007
dog-dog_020,dog,dog_020.png,data/project_01/images/dog/dog_020.png,dog/dog_020.png,https://i.natgeofe.com/n/3925915a-d369-4774-b37e-f1322cae0bf2/NationalGeographic_1457064.jpg,dog,0022_https_i.natgeofe.com_n_3925915a-d369-4774-b37e-f1322cae0bf2_NationalGeographic_1457064.jpg,0c940632ea376fca9be2ecb2b3683a08a621e7a4769362b73e41e83bfdab650d,accepted,unverified,20261007
dog-dog_071,dog,dog_071.png,data/project_01/images/dog/dog_071.png,dog/dog_071.png,https://cdn.britannica.com/38/285338-050-5371837F/Boxer-dog-outdoor.jpg,dog,0075_https_cdn.britannica.com_38_285338-050-5371837F_Boxer-dog-outdoor.jpg,b428a165767298eaa94a8d9ff1d835d94822ab77761ac7ae40c8aa7a9276899b,accepted,unverified,20261007
dog-dog_067,dog,dog_067.png,data/project_01/images/dog/dog_067.png,dog/dog_067.png,"https://hips.hearstapps.com/ghk.h-cdn.co/assets/17/40/labrador-retriever.jpg?crop=1.00xw:0.668xh;0,0.244xh",dog,0071_https_hips.hearstapps.com_ghk.h-cdn.co_assets_17_40_labrador-retriever.jpg,c4c3ebeea34af1b690f6226d956b911e0b328e815896724112f34ce84becabd4,accepted,unverified,20261007
dog-dog_074,dog,dog_074.png,data/project_01/images/dog/dog_074.png,dog/dog_074.png,https://images.wagwalkingweb.com/media/care/can-dogs-get-boogers/can-dogs-get-boogers.jpg,dog,0078_https_images.wagwalkingweb.com_media_care_can-dogs-get-boogers_can-dogs-get-boogers.jpg,9974573ff357036f87de7633491f199adfd3468249c1fb31fb1d364501e82826,accepted,unverified,20261007
dog-dog_056,dog,dog_056.png,data/project_01/images/dog/dog_056.png,dog/dog_056.png,https://d2zp5xs5cp8zlg.cloudfront.net/image-89949-800.jpg,dog,0058_https_d2zp5xs5cp8zlg.cloudfront.net_image-89949-800.jpg,42d30ac937d15649916ce6b600eceb8c8c613a1b97a9e965ac02c424067eeb79,accepted,unverified,20261007
dog-dog_007,dog,dog_007.png,data/project_01/images/dog/dog_007.png,dog/dog_007.png,https://atlantahumane.org/wp-content/uploads/2025/11/dog-hero.jpg,dog,0007_https_atlantahumane.org_wp-content_uploads_2025_11_dog-hero.jpg,27d2d9de4ef6c1b59e3b8da071ff4194be9ca48f989fe95098952e05c5a912a8,accepted,unverified,20261007
dog-dog_058,dog,dog_058.png,data/project_01/images/dog/dog_058.png,dog/dog_058.png,"https://media.cnn.com/api/v1/images/stellar/prod/201030094143-stock-rhodesian-ridgeback.jpg?q=w_2187,h_1458,x_0,y_0,c_fill",dog,0060_https_media.cnn.com_api_v1_images_stellar_prod_201030094143-stock-rhodesian-ridgeback.jpg,f193c8c9bb4c02f3f43f0594d113664ec621e5dee98ec0786962b52fe26bc791,accepted,unverified,20261007
dog-dog_010,dog,dog_010.png,data/project_01/images/dog/dog_010.png,dog/dog_010.png,https://i.guim.co.uk/img/media/fe1e34da640c5c56ed16f76ce6f994fa9343d09d/0_174_3408_2046/master/3408.jpg?width=1200&quality=85&auto=format&fit=max&s=1aaf31e276b20b5d12d4bee49c5a99e2,dog,0010_https_i.guim.co.uk_img_media_fe1e34da640c5c56ed16f76ce6f994fa9343d09d_0_174_3408_2046_master_3408.jpg,c5df1fddfda3d243361bc213b90fd5be97b8ddc83139469779ff51a6b818baec,accepted,unverified,20261007
dog-dog_051,dog,dog_051.png,data/project_01/images/dog/dog_051.png,dog/dog_051.png,https://d3544la1u8djza.cloudfront.net/APHI/Blog/2021/07-06/small+white+fluffy+dog+smiling+at+the+camera+in+close-up-min.jpg,dog,0053_https_d3544la1u8djza.cloudfront.net_APHI_Blog_2021_07-06_small_white_fluffy_dog_smiling_at_the_camera_in_close-up-min.jpg,d03617b665b337a82bdceb405c2cd991261335f6e6a17ef289553ef5ce4245dc,accepted,unverified,20261007
dog-dog_014,dog,dog_014.png,data/project_01/images/dog/dog_014.png,dog/dog_014.png,"https://hips.hearstapps.com/hmg-prod/images/gettyimages-1479529389-67f680a7bb6e6.jpg?crop=0.6667269766600326xw:1xh;center,top&resize=640:*",dog,0014_https_hips.hearstapps.com_hmg-prod_images_gettyimages-1479529389-67f680a7bb6e6.jpg,f878dc7d910e73db504462d4794456dd8e20669d4b47880e22766c03a713e3d4,accepted,unverified,20261007
dog-dog_060,dog,dog_060.png,data/project_01/images/dog/dog_060.png,dog/dog_060.png,https://www.hartz.com/wp-content/uploads/2012/06/five_things_all_small_dog_owners_should_know_2000x786.jpg,dog,0063_https_www.hartz.com_wp-content_uploads_2012_06_five_things_all_small_dog_owners_should_know_2000x786.jpg,a1bb679c1cdd1ec475d1d11560cc7d3d272e47a5ee0a2031abe05738de7e92fe,accepted,unverified,20261007
dog-dog_047,dog,dog_047.png,data/project_01/images/dog/dog_047.png,dog/dog_047.png,https://www.lonetreevet.com/blog/wp-content/uploads/2021/07/iStock-1128461217-1-2000x1333.jpg,dog,0049_https_www.lonetreevet.com_blog_wp-content_uploads_2021_07_iStock-1128461217-1-2000x1333.jpg,9aa2f544c6d85371627e10baf4410c85e04faf6b83927b50faa2fcbed266b69e,accepted,unverified,20261007
dog-dog_087,dog,dog_087.png,data/project_01/images/dog/dog_087.png,dog/dog_087.png,https://media.4-paws.org/7/d/c/f/7dcf9f2442c1a6ca848e7f2cc0023e1fe2301cc7/VIER%20PFOTEN_2017-06-22_030-1685x1166.jpg,dog,0091_https_media.4-paws.org_7_d_c_f_7dcf9f2442c1a6ca848e7f2cc0023e1fe2301cc7_VIER_PFOTEN_2017-06-22_030-1685x1166.jpg,3709e19dff8e92b784b17fd0ea3566451db809db97b31c2a5d5ec5eba00c63fb,accepted,unverified,20261007
dog-dog_042,dog,dog_042.png,data/project_01/images/dog/dog_042.png,dog/dog_042.png,https://consumer-cms.petfinder.com/sites/default/files/images/content/Wrinkly%20Dog%20Breeds.jpg,dog,0044_https_consumer-cms.petfinder.com_sites_default_files_images_content_Wrinkly_Dog_Breeds.jpg,e4a7604f587f50df4e269534d4052a1317e56c34fcfd9c12e1075afaea39447f,accepted,unverified,20261007
dog-dog_085,dog,dog_085.png,data/project_01/images/dog/dog_085.png,dog/dog_085.png,https://g.petango.com/photos/773/19acb8d7-f039-49ff-9b35-f9e7a3625833.jpg,dog,0089_https_g.petango.com_photos_773_19acb8d7-f039-49ff-9b35-f9e7a3625833.jpg,3b33ff6b00fa3105ed0e6bb433b86564eef041787b7fb0b2ee0166f02d89982b,accepted,unverified,20261007
dog-dog_021,dog,dog_021.png,data/project_01/images/dog/dog_021.png,dog/dog_021.png,"https://www.pedigree.com/cdn-cgi/image/height=360,f=auto,quality=90/sites/g/files/fnmzdf3076/files/2023-05/what-breed-my-dog-540x300.png",dog,0023_https_www.pedigree.com_cdn-cgi_image_height_360_f_auto_quality_90_sites_g_files_fnmzdf3076_files_2023-05_what-breed-my-dog-540x300.png,e40f9040dfc2bb21cf3edc9852c8b8473c48b0e29268eba433b21a2415a32a84,accepted,unverified,20261007
dog-dog_094,dog,dog_094.png,data/project_01/images/dog/dog_094.png,dog/dog_094.png,https://k9maniadogtraining.com/wp-content/uploads/2026/03/dog-stretching-play-bow-position.png,dog,0098_https_k9maniadogtraining.com_wp-content_uploads_2026_03_dog-stretching-play-bow-position.png,6b396e9865751f4ce1bee63c6c7dfaea031f5d5e06ced518aba0a4c35f5bc493,accepted,unverified,20261007
dog-dog_065,dog,dog_065.png,data/project_01/images/dog/dog_065.png,dog/dog_065.png,https://www.bluecross.org.uk/sites/default/files/d8/styles/theme_hero_thin_1264x450/public/assets/images/20311lpr.jpg.webp?itok=7NPRhpKd,dog,0068_https_www.bluecross.org.uk_sites_default_files_d8_styles_theme_hero_thin_1264x450_public_assets_images_20311lpr.jpg.webp,c32f6a92c51551173e60436b061a79b2561c55c2a6be5d0cde24dbe4910d3af7,accepted,unverified,20261007
dog-dog_075,dog,dog_075.png,data/project_01/images/dog/dog_075.png,dog/dog_075.png,https://hips.hearstapps.com/toc.h-cdn.co/assets/16/23/640x320/landscape-1465404255-tc-060816-dog-breeds.gif?resize=640:*,dog,0079_https_hips.hearstapps.com_toc.h-cdn.co_assets_16_23_640x320_landscape-1465404255-tc-060816-dog-breeds.gif,31494a1385bcef36e6adec7925d54f369deaaf38445080d251235d53aa4a2d65,accepted,unverified,20261007
dog-dog_093,dog,dog_093.png,data/project_01/images/dog/dog_093.png,dog/dog_093.png,https://money.com/wp-content/uploads/2024/02/Popular-Dog-Breeds-German-Shepherd.jpg?quality=60,dog,0097_https_money.com_wp-content_uploads_2024_02_Popular-Dog-Breeds-German-Shepherd.jpg,dc49da49f26a0d3840d768bac0b90957cfa33545305963f302cfdf0ab91143e8,accepted,unverified,20261007
dog-dog_022,dog,dog_022.png,data/project_01/images/dog/dog_022.png,dog/dog_022.png,https://www.therapydogs.com/wp-content/uploads/2025/06/ATD-Blog-Photo-Size-1.png,dog,0024_https_www.therapydogs.com_wp-content_uploads_2025_06_ATD-Blog-Photo-Size-1.png,135b4260f1379ee337e03071277a837f652ab48a1833d6b803d14d17ff4f46ce,accepted,unverified,20261007
dog-dog_028,dog,dog_028.png,data/project_01/images/dog/dog_028.png,dog/dog_028.png,https://cdn.outsideonline.com/wp-content/uploads/2023/03/Funny_Dog_S.jpg,dog,0030_https_cdn.outsideonline.com_wp-content_uploads_2023_03_Funny_Dog_S.jpg,5f59305508768227433d33ef5062cef4b81bffb3c317aa6e981cd61ca6f96a41,accepted,unverified,20261007
horse-horse_069,horse,horse_069.png,data/project_01/images/horse/horse_069.png,horse/horse_069.png,https://media.hswstatic.com/eyJidWNrZXQiOiJjb250ZW50Lmhzd3N0YXRpYy5jb20iLCJrZXkiOiJnaWZcL3NodXR0ZXJzdG9jay0yNDc4MzkzMzM5LmpwZyIsImVkaXRzIjp7InJlc2l6ZSI6eyJ3aWR0aCI6IjEyMDAifX19,horse,0072_https_media.hswstatic.com_eyJidWNrZXQiOiJjb250ZW50Lmhzd3N0YXRpYy5jb20iLCJrZXkiOiJnaWZcL3NodXR0ZXJzdG9jay0yNDc4MzkzMzM5LmpwZyIsImVkaXRzIjp7InJlc2l6ZSI6eyJ3aWR0aCI6IjEyMDAifX19,0551cb443669dcfc4ccc8a4dab182ba8558b0b2870270e6989bb06f7bc059f50,accepted,unverified,20261007
horse-horse_024,horse,horse_024.png,data/project_01/images/horse/horse_024.png,horse/horse_024.png,https://www.thesprucepets.com/thmb/WCHi1vABy_vfH6kDo7snIluUzyo=/2109x0/filters:no_upscale():strip_icc()/GettyImages-909948608-5c69cd9446e0fb0001560d1a.jpg,horse,0026_https_www.thesprucepets.com_thmb_WCHi1vABy_vfH6kDo7snIluUzyo_2109x0_filters_no_upscale_strip_icc_GettyImages-909948608-5c69cd9446e0fb0001560d1a.jpg,e205466b32f4064ef713c19b342625b9b613553333946305566b8a5cbca8e7b4,accepted,unverified,20261007
horse-horse_020,horse,horse_020.png,data/project_01/images/horse/horse_020.png,horse/horse_020.png,https://a-z-animals.com/media/horse-5-768x641.jpg,horse,0020_https_a-z-animals.com_media_horse-5-768x641.jpg,47da1e94df3c77c0a37ce8a2ad22f1b934b3b94fbf56c80b8ccef77c1485cf8e,accepted,unverified,20261007
horse-horse_074,horse,horse_074.png,data/project_01/images/horse/horse_074.png,horse/horse_074.png,"https://res.cloudinary.com/dr0zfbman/images/f_auto,q_auto:good/v1742550673/WordPress%20Content/wild-horse_US-Forest-Service-1_245157e43c/wild-horse_US-Forest-Service-1_245157e43c.jpg?_i=AA",horse,0077_https_res.cloudinary.com_dr0zfbman_images_f_auto_q_auto_good_v1742550673_WordPress_Content_wild-horse_US-Forest-Service-1_245157e43c_wild-horse_US-Forest-Service-1_245157e43c.jpg,72d81c52bb4eb52944ea7a1e122b4a7164e9761204b83048a3a9c2e7b8e584d8,accepted,unverified,20261007
horse-horse_035,horse,horse_035.png,data/project_01/images/horse/horse_035.png,horse/horse_035.png,https://preview.redd.it/this-is-the-most-beautiful-horse-ive-ever-seen-i-assume-the-v0-80fjm303n83b1.jpg?width=640&crop=smart&auto=webp&s=484e06f4c0a99a32041372b10b3c6238129b3210,horse,0037_https_preview.redd.it_this-is-the-most-beautiful-horse-ive-ever-seen-i-assume-the-v0-80fjm303n83b1.jpg,68367d0d9384a851bd47a39db24e1bb53331973972cd11df748a7493493d6f47,accepted,unverified,20261007
horse-horse_057,horse,horse_057.png,data/project_01/images/horse/horse_057.png,horse/horse_057.png,https://www.horsejournals.com/files/styles/article_large/public/pictures-videos/articles/shutterstock_705808000_-_horsemen_0-mainweb.jpg?itok=IFT0rBAK,horse,0059_https_www.horsejournals.com_files_styles_article_large_public_pictures-videos_articles_shutterstock_705808000_-_horsemen_0-mainweb.jpg,e9bd4d72ffb628fb1a9af3dec7dfba24e779bd0d9eb44804b3920bc94d1fa9f5,accepted,unverified,20261007
horse-horse_093,horse,horse_093.png,data/project_01/images/horse/horse_093.png,horse/horse_093.png,https://pet-health-content-media.chewy.com/wp-content/uploads/2025/04/16215325/202504bec-202409how-long-do-horses-live-1024x615.jpg,horse,0096_https_pet-health-content-media.chewy.com_wp-content_uploads_2025_04_16215325_202504bec-202409how-long-do-horses-live-1024x615.jpg,912da93d40e696436d738312c010e096d8fed4d36d6ca98827f8c2f344ef0bce,accepted,unverified,20261007
horse-horse_094,horse,horse_094.png,data/project_01/images/horse/horse_094.png,horse/horse_094.png,https://www.sstack.com/cdn/shop/files/Summer_Tack_Deals_June_2026_Homepage-Hero-1400x880_Image-Only.jpg?v=1781615047&width=1400,horse,0098_https_www.sstack.com_cdn_shop_files_Summer_Tack_Deals_June_2026_Homepage-Hero-1400x880_Image-Only.jpg,3397014a91146c143330477450129d1e3d31baf12abbfcd5fe049e9bf51c3a14,accepted,unverified,20261007
horse-horse_040,horse,horse_040.png,data/project_01/images/horse/horse_040.png,horse/horse_040.png,https://static.scientificamerican.com/sciam/cache/file/D5613D50-BD30-483C-A5AF2D9EAA6AE8E1_source.jpg,horse,0042_https_static.scientificamerican.com_sciam_cache_file_D5613D50-BD30-483C-A5AF2D9EAA6AE8E1_source.jpg,ddfd059f9fa44e485f1d3df057af8ac5722ec956b1a5f0612995793ec2b51054,accepted,unverified,20261007
horse-horse_081,horse,horse_081.png,data/project_01/images/horse/horse_081.png,horse/horse_081.png,https://images.stockcake.com/public/0/c/f/0cfe09d2-8b24-40ea-97a1-45ac9a60f16a_large/majestic-horse-running-stockcake.jpg,horse,0084_https_images.stockcake.com_public_0_c_f_0cfe09d2-8b24-40ea-97a1-45ac9a60f16a_large_majestic-horse-running-stockcake.jpg,3f8e1121780c5a1d664d779cd9021efe1fe0a387373ec9dc3815cc7b53663513,accepted,unverified,20261007
horse-horse_085,horse,horse_085.png,data/project_01/images/horse/horse_085.png,horse/horse_085.png,https://lh7-us.googleusercontent.com/WoMMJ9tyDrREP_ERDMAe7TWJ2vXEd_Na0nUq9iyONmYt-Y4IDiBLPezBIyCembLr1iUpW-9N0UYCDvgf-8OVy40kFpYpXivO7hXAZJtLI883Uu7F5z2-56BdBRihAGkIOH87JEY0HgKGUVDzDMcNVmo,horse,0088_https_lh7-us.googleusercontent.com_WoMMJ9tyDrREP_ERDMAe7TWJ2vXEd_Na0nUq9iyONmYt-Y4IDiBLPezBIyCembLr1iUpW-9N0UYCDvgf-8OVy40kFpYpXivO7hXAZJtLI883Uu7F5z2-56BdBRihAGkIOH87JEY0HgKGUVDzDMcNVmo,db9d94a40fd3954e57d45898e94f44baa96ecf0413c9d9da193e0466ff6257bb,accepted,unverified,20261007
horse-horse_029,horse,horse_029.png,data/project_01/images/horse/horse_029.png,horse/horse_029.png,http://chantecaille.com/cdn/shop/articles/040319_Wild-Horse-Campaign_post_featured-image_38dd58ae-57ee-49eb-a670-54e4c7b24655.jpg?v=1554317374,horse,0031_http_chantecaille.com_cdn_shop_articles_040319_Wild-Horse-Campaign_post_featured-image_38dd58ae-57ee-49eb-a670-54e4c7b24655.jpg,eb067d33907a681d6dc55c16458c80f815f45681b085defa1b5e52f4c20d4eed,accepted,unverified,20261007
horse-horse_060,horse,horse_060.png,data/project_01/images/horse/horse_060.png,horse/horse_060.png,https://b1157417.smushcdn.com/1157417/wp-content/uploads/2022/12/Horse-outdoors-close-up.png?lossy=1&strip=1&webp=0,horse,0063_https_b1157417.smushcdn.com_1157417_wp-content_uploads_2022_12_Horse-outdoors-close-up.png,db717bc48aab31a1d3da0325a7742d6349669e29fb788f45a549a83036a18eb5,accepted,unverified,20261007
horse-horse_063,horse,horse_063.png,data/project_01/images/horse/horse_063.png,horse/horse_063.png,https://static01.nyt.com/images/2021/03/21/fashion/19EQUUS-1/19EQUUS-1-videoSixteenByNineJumbo1600-v4.jpg,horse,0066_https_static01.nyt.com_images_2021_03_21_fashion_19EQUUS-1_19EQUUS-1-videoSixteenByNineJumbo1600-v4.jpg,07e8106c518bd0923984805f1b6a2d80229d065620c50e57ba4658f91f0dc5fe,accepted,unverified,20261007
horse-horse_025,horse,horse_025.png,data/project_01/images/horse/horse_025.png,horse/horse_025.png,https://breeds.okstate.edu/horses/site-files/images/horse-1200x800-1.jpg,horse,0027_https_breeds.okstate.edu_horses_site-files_images_horse-1200x800-1.jpg,1ac573b8b0f48f35285e7fabb11c8d36f7910755cc6ee5c7f06ddcf185b8932a,accepted,unverified,20261007
horse-horse_036,horse,horse_036.png,data/project_01/images/horse/horse_036.png,horse/horse_036.png,https://images.vetster.com/brown_horse_in_field_41d96b5ce2.jpg,horse,0038_https_images.vetster.com_brown_horse_in_field_41d96b5ce2.jpg,4a7cd936711b1fecf2162121a01cee5f9d5b48ba8eb5d95d261bfd5f779131e3,accepted,unverified,20261007
horse-horse_086,horse,horse_086.png,data/project_01/images/horse/horse_086.png,horse/horse_086.png,https://livestockconservancy.org/wp-content/uploads/2022/08/Suffolk-Horse-scaled.jpg,horse,0089_https_livestockconservancy.org_wp-content_uploads_2022_08_Suffolk-Horse-scaled.jpg,7f213be3b90ef7c317e3af4bfde53ad6fa775f5c9a2093ff56d5cb783f533b73,accepted,unverified,20261007
horse-horse_078,horse,horse_078.png,data/project_01/images/horse/horse_078.png,horse/horse_078.png,https://c02.purpledshub.com/uploads/sites/47/2025/02/horse-facts.jpg?w=1200,horse,0081_https_c02.purpledshub.com_uploads_sites_47_2025_02_horse-facts.jpg,5e9b6085c0ea6fd7d9092603ccfd5632aff455994ebc1c3546143652e5d1c2ad,accepted,unverified,20261007
horse-horse_033,horse,horse_033.png,data/project_01/images/horse/horse_033.png,horse/horse_033.png,https://www.aspca.org/sites/default/files/blog_horse-code-part-one_011922_main.jpg,horse,0035_https_www.aspca.org_sites_default_files_blog_horse-code-part-one_011922_main.jpg,221cd79685c65df7ceb7fd083f64feabe2256179776b959e184e91ebb07d94c5,accepted,unverified,20261007
horse-horse_003,horse,horse_003.png,data/project_01/images/horse/horse_003.png,horse/horse_003.png,https://www.amnh.org/var/ezflow_site/storage/images/media/amnh/images/explore/ology-images/zoology/all-about-horses/button-horses/button_sellefrancais/6212545-1-eng-US/button_sellefrancais_full_495.jpg,horse,0003_https_www.amnh.org_var_ezflow_site_storage_images_media_amnh_images_explore_ology-images_zoology_all-about-horses_button-horses_button_sellefrancais_6212545-1-eng-US_button_sellefrancais_full_495.jpg,248cbc629afa001f2027992e3cf8b27ad237ad784abebf5b1ef2e848bedbf72e,accepted,unverified,20261007
horse-horse_030,horse,horse_030.png,data/project_01/images/horse/horse_030.png,horse/horse_030.png,"https://hips.hearstapps.com/hmg-prod/images/horse-breeds-warmblood-68112f896d83c.jpg?crop=0.668xw:1.00xh;0.221xw,0",horse,0032_https_hips.hearstapps.com_hmg-prod_images_horse-breeds-warmblood-68112f896d83c.jpg,db808c328ccaf03c7c357c46a52eb7a504eb6d9c69986cdab05d04679b6c1c7f,accepted,unverified,20261007
horse-horse_075,horse,horse_075.png,data/project_01/images/horse/horse_075.png,horse/horse_075.png,https://madbarn.com/wp-content/uploads/2023/01/Basic-Horse-Care-Guide.jpg,horse,0078_https_madbarn.com_wp-content_uploads_2023_01_Basic-Horse-Care-Guide.jpg,522e61ff28d39ac315b9b1b36e0a2ae262338bf95c35a302b38a8e3c74dd0e86,accepted,unverified,20261007
horse-horse_082,horse,horse_082.png,data/project_01/images/horse/horse_082.png,horse/horse_082.png,https://static.time.com/v3/assets/bltea6093859af6183b/blt7aab5f47ee8b3776/69887cf7ab6d77aff26a85a5/horse-teeth.jpeg?branch=production&width=3840&quality=75&auto=webp&crop=3:2,horse,0085_https_static.time.com_v3_assets_bltea6093859af6183b_blt7aab5f47ee8b3776_69887cf7ab6d77aff26a85a5_horse-teeth.jpeg,67bfe0311bcb7bb53c8ba47c64eaf81840c97907799f833282582f798158dbaf,accepted,unverified,20261007
horse-horse_006,horse,horse_006.png,data/project_01/images/horse/horse_006.png,horse/horse_006.png,https://cdn.the-scientist.com/assets/image/49373/horse-cancer-800x560-l.jpg,horse,0006_https_cdn.the-scientist.com_assets_image_49373_horse-cancer-800x560-l.jpg,f5eeae5e0846a3783ecbede11da8239e479ace5459e81be4bc70229e53e2b71b,accepted,unverified,20261007
horse-horse_052,horse,horse_052.png,data/project_01/images/horse/horse_052.png,horse/horse_052.png,https://cdn.psychologytoday.com/sites/default/files/styles/image-article_inline_full_caption/public/field_blog_entry_images/2021-10/jacques-bopp-abkyan4c25q-unsplash.jpg?itok=WnjWvOMb,horse,0054_https_cdn.psychologytoday.com_sites_default_files_styles_image-article_inline_full_caption_public_field_blog_entry_images_2021-10_jacques-bopp-abkyan4c25q-unsplash.jpg,e60b1f340b49bed8dd26a9bd749efa2cc47e505aa2510202e32b45843b7583ac,accepted,unverified,20261007
horse-horse_002,horse,horse_002.png,data/project_01/images/horse/horse_002.png,horse/horse_002.png,https://upload.wikimedia.org/wikipedia/commons/d/de/Nokota_Horses_cropped.jpg,horse,0002_https_upload.wikimedia.org_wikipedia_commons_d_de_Nokota_Horses_cropped.jpg,ebf7d8cc7e1259977e7a5b1b2f0d1c2d201b8fcf7de57cdec184ca1698fadfe5,accepted,unverified,20261007
horse-horse_038,horse,horse_038.png,data/project_01/images/horse/horse_038.png,horse/horse_038.png,https://media.desenio.com/site_images/685aec90e552fc706df54300_629731948_13036-8.jpg,horse,0040_https_media.desenio.com_site_images_685aec90e552fc706df54300_629731948_13036-8.jpg,1f600ab2ca19f3e31e07750299570280d927694c6fea08d889e6a458783a2132,accepted,unverified,20261007
horse-horse_062,horse,horse_062.png,data/project_01/images/horse/horse_062.png,horse/horse_062.png,"https://images2.minutemediacdn.com/image/upload/c_fill,w_1200,ar_4:3,f_auto,q_auto,g_auto/images/voltaxMediaLibrary/mmsport/mentalfloss/01kaa1f0shtabbwtad6e.jpg",horse,0065_https_images2.minutemediacdn.com_image_upload_c_fill_w_1200_ar_4_3_f_auto_q_auto_g_auto_images_voltaxMediaLibrary_mmsport_mentalfloss_01kaa1f0shtabbwtad6e.jpg,c2006fc2ac7a49210bb9e1be8611767faae8d4d62384438db16851e55029b3ed,accepted,unverified,20261007
horse-horse_068,horse,horse_068.png,data/project_01/images/horse/horse_068.png,horse/horse_068.png,https://static.independent.co.uk/2026/02/23/16/Horse_Whinny_14900.jpg,horse,0071_https_static.independent.co.uk_2026_02_23_16_Horse_Whinny_14900.jpg,c432af54b8753874d0f4f8fee85c4c2a3f55387d8b10988d6c7736eb0e26130e,accepted,unverified,20261007
horse-horse_041,horse,horse_041.png,data/project_01/images/horse/horse_041.png,horse/horse_041.png,https://images.rewildingbritain.org.uk/images/exmoor-pony-in-woodland-c-marek-velechovsky-shutterstock.jpg?auto=format&crop=focalpoint&domain=images.rewildingbritain.org.uk&fit=crop&fp-x=0.6282&fp-y=0.2424&h=426&ixlib=php-3.3.1&q=82&w=320,horse,0043_https_images.rewildingbritain.org.uk_images_exmoor-pony-in-woodland-c-marek-velechovsky-shutterstock.jpg,7096a5a6c8b9e68f6ced26649e7c8b33916a4f77708e45097a9cd13edc1f28da,accepted,unverified,20261007
monkey-monkey_090,monkey,monkey_090.png,data/project_01/images/monkey/monkey_090.png,monkey/monkey_090.png,https://images.unsplash.com/flagged/photo-1566127992631-137a642a90f4?fit=max&fm=jpg&ixid=MnwzNTY3MHwwfDF8YWxsfHx8fHx8fHx8MTY3NDcxMjIwNA&ixlib=rb-4.0.3&q=75&w=720&utm_medium=referral&utm_source=vocal.media,monkey,0096_https_images.unsplash.com_flagged_photo-1566127992631-137a642a90f4,2218a9c17a07a43b2de0322c08db428a8305840f9d3347bce62f66a3beb40b19,accepted,unverified,20261007
monkey-monkey_048,monkey,monkey_048.png,data/project_01/images/monkey/monkey_048.png,monkey/monkey_048.png,https://www.rainforesttrust.org/app/uploads/2023/01/Snubby-in-Yunnan-Myanmar-borderlands-1-scaled-aspect-ratio-1920-1300.jpg,monkey,0051_https_www.rainforesttrust.org_app_uploads_2023_01_Snubby-in-Yunnan-Myanmar-borderlands-1-scaled-aspect-ratio-1920-1300.jpg,7826defaedd8501a54eed27c952628464ff6b0e15e5e550592cd82dfc0a0e13f,accepted,unverified,20261007
monkey-monkey_034,monkey,monkey_034.png,data/project_01/images/monkey/monkey_034.png,monkey/monkey_034.png,https://nationalzoo.si.edu/sites/default/files/styles/wide/public/animals/allensswampmonkey-002.jpg?h=79cb99dc&itok=Zrgyif3M,monkey,0036_https_nationalzoo.si.edu_sites_default_files_styles_wide_public_animals_allensswampmonkey-002.jpg,01a64d2da96a10121373d055a44f68467408c6c244ff4c281a7fa237b2738ebd,accepted,unverified,20261007
monkey-monkey_036,monkey,monkey_036.png,data/project_01/images/monkey/monkey_036.png,monkey/monkey_036.png,https://thehofstrachronicle.com/wp-content/uploads/2025/03/kIKI-MONKEY.jpg,monkey,0039_https_thehofstrachronicle.com_wp-content_uploads_2025_03_kIKI-MONKEY.jpg,9ddce50bf493e16e94d50b50b75fe1ca25a7c4f5021240420781cc830eba75b2,accepted,unverified,20261007
monkey-monkey_020,monkey,monkey_020.png,data/project_01/images/monkey/monkey_020.png,monkey/monkey_020.png,https://upload.wikimedia.org/wikipedia/commons/thumb/a/aa/Japanese_Snow_Monkey_%28Macaque%29_Mother_Grooms_Her_Young.jpg/1280px-Japanese_Snow_Monkey_%28Macaque%29_Mother_Grooms_Her_Young.jpg,monkey,0021_https_upload.wikimedia.org_wikipedia_commons_thumb_a_aa_Japanese_Snow_Monkey__Macaque__Mother_Grooms_Her_Young.jpg_1280px-Japanese_Snow_Monkey__Macaque__Mother_Grooms_Her_Young.jpg,0c5eb0e44eaa3c4607e9c19de01a4e1dd19b79aaea9f4fd4c44fb789df8e6a2c,accepted,unverified,20261007
monkey-monkey_002,monkey,monkey_002.png,data/project_01/images/monkey/monkey_002.png,monkey/monkey_002.png,"https://media.cnn.com/api/v1/images/stellar/prod/160107100400-monkey-selfie.jpg?q=x_3,y_0,h_1635,w_2905,c_crop",monkey,0002_https_media.cnn.com_api_v1_images_stellar_prod_160107100400-monkey-selfie.jpg,3e3ac100a8c42a709bfefaabeb3105f7dc016eeea923fa4bcdcced3302a47b11,accepted,unverified,20261007
monkey-monkey_017,monkey,monkey_017.png,data/project_01/images/monkey/monkey_017.png,monkey/monkey_017.png,https://cdn.britannica.com/00/2300-050-A0C8F030/Mandrill.jpg?w=400&h=225&c=crop,monkey,0018_https_cdn.britannica.com_00_2300-050-A0C8F030_Mandrill.jpg,d42e243527a99238a15773d09a9da824e00dca57c0b74e88e4bdab971ef93416,accepted,unverified,20261007
monkey-monkey_009,monkey,monkey_009.png,data/project_01/images/monkey/monkey_009.png,monkey/monkey_009.png,https://transforms.stlzoo.org/production/animals/allen-swamp-monkey-01-01.jpg?w=1200&h=1200&auto=compress%2Cformat&fit=crop&dm=1658934688&s=9e6e9237bf5037a8d0d632060a7a1a59,monkey,0010_https_transforms.stlzoo.org_production_animals_allen-swamp-monkey-01-01.jpg,c72738ae6fd3021c4bcf9cb0cae0a9b25cbfa85f7fe3f41affafa7a8a830d93c,accepted,unverified,20261007
monkey-monkey_054,monkey,monkey_054.png,data/project_01/images/monkey/monkey_054.png,monkey/monkey_054.png,https://i.natgeofe.com/n/caa544c7-987c-46cc-9c32-0769d5d44264/01_probicus_monkey.jpg,monkey,0057_https_i.natgeofe.com_n_caa544c7-987c-46cc-9c32-0769d5d44264_01_probicus_monkey.jpg,eeb3f45b397a7b0e48af2d1e20572e4f6f2985957c537390349ceab6529a7387,accepted,unverified,20261007
monkey-monkey_084,monkey,monkey_084.png,data/project_01/images/monkey/monkey_084.png,monkey/monkey_084.png,https://cms.beardsleyzoo.org/uploads/spider_monkey_1_3d9888bb3c.webp,monkey,0089_https_cms.beardsleyzoo.org_uploads_spider_monkey_1_3d9888bb3c.webp,64a877bcf00cbe2d6a65be2ee318fee38ef5b5aa59faa613daf48319de690c5c,accepted,unverified,20261007
monkey-monkey_081,monkey,monkey_081.png,data/project_01/images/monkey/monkey_081.png,monkey/monkey_081.png,https://cdn.britannica.com/05/181805-050-C9682415/capuchin-monkey.jpg,monkey,0085_https_cdn.britannica.com_05_181805-050-C9682415_capuchin-monkey.jpg,0b1d56bde07b903e96debc821ee084234c217977e4ad52c1923b4e3f4d6473d2,accepted,unverified,20261007
monkey-monkey_037,monkey,monkey_037.png,data/project_01/images/monkey/monkey_037.png,monkey/monkey_037.png,https://shop.wwf.ca/cdn/shop/files/Macaque.jpg?crop=center&height=1200&v=1694022235&width=1200,monkey,0040_https_shop.wwf.ca_cdn_shop_files_Macaque.jpg,0dca4105fc4b08f230517b6ec910acfb54aaf5b7a29a24f4c346fd0c500b3a0e,accepted,unverified,20261007
monkey-monkey_071,monkey,monkey_071.png,data/project_01/images/monkey/monkey_071.png,monkey/monkey_071.png,https://www.reuters.com/resizer/v2/VQFWT3466VMRVAVRWRCO7PDCJQ.jpg?height=2400&width=1920&quality=80&smart=true,monkey,0075_https_www.reuters.com_resizer_v2_VQFWT3466VMRVAVRWRCO7PDCJQ.jpg,add567809877a80cd9d8adbe5d4c15088993ffffdac0848a885bb020dc546272,accepted,unverified,20261007
monkey-monkey_021,monkey,monkey_021.png,data/project_01/images/monkey/monkey_021.png,monkey/monkey_021.png,https://www.snowmonkeyresorts.com/wp-content/uploads/2026/02/image.png,monkey,0022_https_www.snowmonkeyresorts.com_wp-content_uploads_2026_02_image.png,ff1dbe039d67a84ace94d0dc3e9e9eca1b3fa3f49229267fa5abbd7e1b66837a,accepted,unverified,20261007
monkey-monkey_074,monkey,monkey_074.png,data/project_01/images/monkey/monkey_074.png,monkey/monkey_074.png,https://www.monkeyland.co.za/storage/media/2024/09/babies9.jpg,monkey,0078_https_www.monkeyland.co.za_storage_media_2024_09_babies9.jpg,23b91c2a2c9a1b804221d2c10a54a12fed4ad4bf89570a2b55d1d945679ef88f,accepted,unverified,20261007
monkey-monkey_094,monkey,monkey_094.png,data/project_01/images/monkey/monkey_094.png,monkey/monkey_094.png,https://monteramatador.com/wp-content/uploads/2025/01/IMG_1978-900x1200.jpeg,monkey,0100_https_monteramatador.com_wp-content_uploads_2025_01_IMG_1978-900x1200.jpeg,b04b016a47dfbf66b46ceb036d29e8c11ca3a9e63dd729a1d22f7b82c55b4524,accepted,unverified,20261007
monkey-monkey_012,monkey,monkey_012.png,data/project_01/images/monkey/monkey_012.png,monkey/monkey_012.png,https://leakeyfoundation.org/wp-content/uploads/2025/02/P11.-Capuchins-Susan-Perry-finger-in-nose10tall.jpg,monkey,0013_https_leakeyfoundation.org_wp-content_uploads_2025_02_P11.-Capuchins-Susan-Perry-finger-in-nose10tall.jpg,63589b1a37da0895a5341673f52655dabdcece85912baa451dc297c03361c9d0,accepted,unverified,20261007
monkey-monkey_019,monkey,monkey_019.png,data/project_01/images/monkey/monkey_019.png,monkey/monkey_019.png,https://bealepark.org.uk/wp-content/uploads/2024/08/Guianan-Squirrel-Monkey-Slider-1.webp,monkey,0020_https_bealepark.org.uk_wp-content_uploads_2024_08_Guianan-Squirrel-Monkey-Slider-1.webp,1c50210bbb99fca6a0df6e3b328afda68ab641d9fbe56c0be71c49c1dc52f7f6,accepted,unverified,20261007
monkey-monkey_087,monkey,monkey_087.png,data/project_01/images/monkey/monkey_087.png,monkey/monkey_087.png,https://p.potaufeu.asahi.com/3b21-p/picture/28433676/52ddc5927520624ccc3754c4d9b033ed.jpg,monkey,0092_https_p.potaufeu.asahi.com_3b21-p_picture_28433676_52ddc5927520624ccc3754c4d9b033ed.jpg,42e3a90a0e759ed6372cf4b6a92476afc5b3edaf6ded85a3497dde4bbf2b8c6f,accepted,unverified,20261007
monkey-monkey_007,monkey,monkey_007.png,data/project_01/images/monkey/monkey_007.png,monkey/monkey_007.png,https://media.newyorker.com/photos/59095bb86552fa0be682d9d0/master/pass/Monkey-Selfie.jpg,monkey,0008_https_media.newyorker.com_photos_59095bb86552fa0be682d9d0_master_pass_Monkey-Selfie.jpg,5e5989c786a2f571d266e39f29f3efe788dcea16824e9df179bd7b2167f81229,accepted,unverified,20261007
monkey-monkey_044,monkey,monkey_044.png,data/project_01/images/monkey/monkey_044.png,monkey/monkey_044.png,https://media.umbraco.io/longleat-cheddar/24jlcvgv/monkey-hero_1920x1080-min.png,monkey,0047_https_media.umbraco.io_longleat-cheddar_24jlcvgv_monkey-hero_1920x1080-min.png,64e7e8ba9c5d8a82d4c6163989297e234b0ff8d644660300906695702144abc4,accepted,unverified,20261007
monkey-monkey_022,monkey,monkey_022.png,data/project_01/images/monkey/monkey_022.png,monkey/monkey_022.png,https://npr.brightspotcdn.com/dims3/default/strip/false/crop/2623x1967+437+0/resize/2623x1967!/?url=http%3A%2F%2Fnpr-brightspot.s3.amazonaws.com%2F37%2F35%2Fe62019a64c199fa1edb2ac3d3387%2F7fd8de2b-47d2-4c96-9102-15350f16e8d2.jpg?s=1000,monkey,0023_https_npr.brightspotcdn.com_dims3_default_strip_false_crop_2623x1967_437_0_resize_2623x1967,28296915e8f94d0ae807c9550e94a446149fce1805be00ce2a8a0fa2b786da93,accepted,unverified,20261007
monkey-monkey_003,monkey,monkey_003.png,data/project_01/images/monkey/monkey_003.png,monkey/monkey_003.png,https://a-z-animals.com/media/2024/02/GettyImages-1410187446-1024x680.jpg,monkey,0004_https_a-z-animals.com_media_2024_02_GettyImages-1410187446-1024x680.jpg,45d95dcf567aad695eb4c2a1997d60f04f38167902abdaef099d6a94381629e8,accepted,unverified,20261007
monkey-monkey_092,monkey,monkey_092.png,data/project_01/images/monkey/monkey_092.png,monkey/monkey_092.png,"https://www.worldanimalprotection.org/cdn-cgi/image/width=800,format=auto,fit=cover/siteassets/images/tourism/macaque-monkey-thailand.jpg",monkey,0098_https_www.worldanimalprotection.org_cdn-cgi_image_width_800_format_auto_fit_cover_siteassets_images_tourism_macaque-monkey-thailand.jpg,df2cab077e7d992af2b4838ca272f45a35e3b3d2dcb0a0b0bf478e0582198f28,accepted,unverified,20261007
monkey-monkey_014,monkey,monkey_014.png,data/project_01/images/monkey/monkey_014.png,monkey/monkey_014.png,https://static01.nyt.com/images/2026/02/20/multimedia/20themorning-nl-lwtk/20themorning-nl-lwtk-videoSixteenByNineJumbo1600.jpg,monkey,0015_https_static01.nyt.com_images_2026_02_20_multimedia_20themorning-nl-lwtk_20themorning-nl-lwtk-videoSixteenByNineJumbo1600.jpg,e9eb5aeb2568f361b8736afd562d9dbfd79d0a694f4950a23213ad1a873114cc,accepted,unverified,20261007
monkey-monkey_004,monkey,monkey_004.png,data/project_01/images/monkey/monkey_004.png,monkey/monkey_004.png,https://mongabay-images.s3.amazonaws.com/1200/malaysia/sabah_sepilok_0349.jpg,monkey,0005_https_mongabay-images.s3.amazonaws.com_1200_malaysia_sabah_sepilok_0349.jpg,7c40b9b3de7a2ff89f473db4b9093c1ee065b6fd0929d5ec4a736f5a40663d5a,accepted,unverified,20261007
monkey-monkey_067,monkey,monkey_067.png,data/project_01/images/monkey/monkey_067.png,monkey/monkey_067.png,https://cdn.kqed.org/wp-content/uploads/sites/2/2026/02/New-Male-Guenon-Red-tailed-Monkey-Baby-Credit-Oakland-Zoo-Feb-2026.jpeg,monkey,0071_https_cdn.kqed.org_wp-content_uploads_sites_2_2026_02_New-Male-Guenon-Red-tailed-Monkey-Baby-Credit-Oakland-Zoo-Feb-2026.jpeg,6fec7eefe5a4d97d4bf9552ef46e54164293d3d491b37818b14d73bd68615fe5,accepted,unverified,20261007
monkey-monkey_086,monkey,monkey_086.png,data/project_01/images/monkey/monkey_086.png,monkey/monkey_086.png,https://www.brainfacts.org/-/media/Brainfacts2/In-the-Lab/Animals-in-Research/capuchin-monkey-thumbnail.jpg,monkey,0091_https_www.brainfacts.org_-_media_Brainfacts2_In-the-Lab_Animals-in-Research_capuchin-monkey-thumbnail.jpg,0807ea491edcef6569fcbadd4a1a026c0af238d1d43d2189dc3d145102097d4a,accepted,unverified,20261007
monkey-monkey_053,monkey,monkey_053.png,data/project_01/images/monkey/monkey_053.png,monkey/monkey_053.png,https://yesyakushima.com/wp-content/uploads/2024/12/Yakushima-Macaque-872x1024-1.jpg,monkey,0056_https_yesyakushima.com_wp-content_uploads_2024_12_Yakushima-Macaque-872x1024-1.jpg,804e346c1d852d3bbffa11ee56a3c53562a3657bf5a0af0fe142a0be3b8e50cc,accepted,unverified,20261007
monkey-monkey_058,monkey,monkey_058.png,data/project_01/images/monkey/monkey_058.png,monkey/monkey_058.png,https://dynamic-media-cdn.tripadvisor.com/media/photo-o/0e/65/af/dd/photo4jpg.jpg?w=1200&h=-1&s=1,monkey,0061_https_dynamic-media-cdn.tripadvisor.com_media_photo-o_0e_65_af_dd_photo4jpg.jpg,b2ec255a72e5f483f70efe7bbdf2a053a8012f921bc8932664502d8829ec2591,accepted,unverified,20261007
ship-ship_047,ship,ship_047.png,data/project_01/images/ship/ship_047.png,ship/ship_047.png,http://media.wired.com/photos/646bfb69e416fd283a85c28a/master/pass/Oceanbird-Wind-Powered-Ship-Business.jpg,ship,0050_http_media.wired.com_photos_646bfb69e416fd283a85c28a_master_pass_Oceanbird-Wind-Powered-Ship-Business.jpg,72c04e86a1b5f578a68b80e39bde3b9700d61d8fdd94de9602ce11e8a7b01ce8,accepted,unverified,20261007
ship-ship_033,ship,ship_033.png,data/project_01/images/ship/ship_033.png,ship/ship_033.png,https://www.meyerturku.fi/media/filer_public_thumbnails/filer_public/91/e4/91e476c5-a528-4850-82d6-06f7f1f85c2a/icon_main_photo.jpg__1920x800_q85_ALIAS-hero_crop_subsampling-2_upscale.jpg,ship,0036_https_www.meyerturku.fi_media_filer_public_thumbnails_filer_public_91_e4_91e476c5-a528-4850-82d6-06f7f1f85c2a_icon_main_photo.jpg__1920x800_q85_ALIAS-hero_crop_subsampling-2_upscale.jpg,0558e65b00565c43777a5c012e66f514fecf37db37f18009ede0794992f4beb4,accepted,unverified,20261007
ship-ship_012,ship,ship_012.png,data/project_01/images/ship/ship_012.png,ship/ship_012.png,https://assets.dm.rccl.com/is/image/RoyalCaribbeanCruises/royal/ships/wonder/wonder-of-the-seas-aft-dome-sunset-night.jpg?$880x1428$,ship,0013_https_assets.dm.rccl.com_is_image_RoyalCaribbeanCruises_royal_ships_wonder_wonder-of-the-seas-aft-dome-sunset-night.jpg,f9b3e9c5525c2a97bc9870f52824f945acacab114fcb1410a7bb133307c72fc0,accepted,unverified,20261007
ship-ship_055,ship,ship_055.png,data/project_01/images/ship/ship_055.png,ship/ship_055.png,https://www.usni.org/sites/default/files/styles/hero_image/public/NAMB%20Khanna-PRO-1-26-1Hero.jpg?itok=TZvoc90R,ship,0058_https_www.usni.org_sites_default_files_styles_hero_image_public_NAMB_Khanna-PRO-1-26-1Hero.jpg,5321e451abcaf0a16a35e47e6a35eca5812eeb2d0c52557119f60531891806f0,accepted,unverified,20261007
ship-ship_070,ship,ship_070.png,data/project_01/images/ship/ship_070.png,ship/ship_070.png,https://i.ytimg.com/vi/-Nt17NRanG0/maxresdefault.jpg,ship,0077_https_i.ytimg.com_vi_-Nt17NRanG0_maxresdefault.jpg,c5e14dc438ef2fca331083f8270da1e98dd76b3388e829a2b8bdc9931184a6e9,accepted,unverified,20261007
ship-ship_028,ship,ship_028.png,data/project_01/images/ship/ship_028.png,ship/ship_028.png,https://i.ytimg.com/vi/tlt3Bjrbzhg/hq720.jpg?sqp=-oaymwEhCK4FEIIDSFryq4qpAxMIARUAAAAAGAElAADIQj0AgKJD&rs=AOn4CLAOEaRX4NxuTkF2iJ_rDwam25S08Q,ship,0031_https_i.ytimg.com_vi_tlt3Bjrbzhg_hq720.jpg,ea82b4b888360c74100dd15bb39895f5f15fa4ff29348d02f36450c69f8dba7b,accepted,unverified,20261007
ship-ship_037,ship,ship_037.png,data/project_01/images/ship/ship_037.png,ship/ship_037.png,https://globalnews.ca/wp-content/uploads/2024/03/GettyImages-1983703987.jpg?quality=65&strip=all&w=1200,ship,0040_https_globalnews.ca_wp-content_uploads_2024_03_GettyImages-1983703987.jpg,f5c5be478df3a55753dc5af37b02d3d03f18767f13f40b2b66ac308ebc9ee426,accepted,unverified,20261007
ship-ship_087,ship,ship_087.png,data/project_01/images/ship/ship_087.png,ship/ship_087.png,https://assets.princess.com/is/image/princesscruises/uk-signature-sale-mobile:1x1-Square?ts=1781106681844,ship,0097_https_assets.princess.com_is_image_princesscruises_uk-signature-sale-mobile_1x1-Square,96009f862742eed477cf3842dd44b24d242545a36581b7eab4380fdec5131a4f,accepted,unverified,20261007
ship-ship_044,ship,ship_044.png,data/project_01/images/ship/ship_044.png,ship/ship_044.png,https://runway-media-production.global.ssl.fastly.net/us/originals/2022/03/Wonder-of-the-Seas-exerior_Royal-Caribbean.jpg?width=2000&crop=16%3A9%2Coffset-x50%2Coffset-y50,ship,0047_https_runway-media-production.global.ssl.fastly.net_us_originals_2022_03_Wonder-of-the-Seas-exerior_Royal-Caribbean.jpg,c3cd032db98a5fc7c98c39f72440c23769b53ad79508796e3dc01d5a5caf04f9,accepted,unverified,20261007
ship-ship_083,ship,ship_083.png,data/project_01/images/ship/ship_083.png,ship/ship_083.png,"https://cdn.sanity.io/images/rd0y3pad/production/e1d3cfaae1dd49338da020e9717a919378cedfce-5436x3621.jpg?rect=905,0,2410,3621&w=362&h=544&q=75&fit=max&auto=format",ship,0093_https_cdn.sanity.io_images_rd0y3pad_production_e1d3cfaae1dd49338da020e9717a919378cedfce-5436x3621.jpg,6049d2c7d57374c938933753cd7bf2462bb60adeedd675fd7f29b3045a23c6ef,accepted,unverified,20261007
ship-ship_013,ship,ship_013.png,data/project_01/images/ship/ship_013.png,ship/ship_013.png,https://marvel-b1-cdn.bc0a.com/f00000000294613/vault.windstarcruises.com/image/upload/t_powerpoint-16x9/v1660926696/Ships/Wind%20Class/Wind%20Surf/Destination/SU_D_027.jpg,ship,0014_https_marvel-b1-cdn.bc0a.com_f00000000294613_vault.windstarcruises.com_image_upload_t_powerpoint-16x9_v1660926696_Ships_Wind_Class_Wind_Surf_Destination_SU_D_027.jpg,07c1a0ef826d91d12b2339ec4b8c31cb59cff49cdf8822b66b5bf436de4a12d2,accepted,unverified,20261007
ship-ship_065,ship,ship_065.png,data/project_01/images/ship/ship_065.png,ship/ship_065.png,https://media.istockphoto.com/id/2193202145/photo/aerial-side-view-of-cargo-ship-carrying-container-and-running-for-export-cargo-yard-port-to.jpg?s=612x612&w=0&k=20&c=fqs1Pis-dpA1mblenzz107TYGR0si-m8wOrEE25CuzY=,ship,0071_https_media.istockphoto.com_id_2193202145_photo_aerial-side-view-of-cargo-ship-carrying-container-and-running-for-export-cargo-yard-port-to.jpg,02430a13bcada66cdca8db2f3cf45ab8e7c70291d8abb0afe34f5751fba3e7a1,accepted,unverified,20261007
ship-ship_004,ship,ship_004.png,data/project_01/images/ship/ship_004.png,ship/ship_004.png,https://assets.dm.rccl.com/is/image/RoyalCaribbeanCruises/royal/ships/quantum/quantum-of-the-seas-dusk.jpg?$880x1428$,ship,0005_https_assets.dm.rccl.com_is_image_RoyalCaribbeanCruises_royal_ships_quantum_quantum-of-the-seas-dusk.jpg,e91cdef5506ea87b6f8b2eaad1764c3839028c3bcaa4fe9f4676e1d15765740a,accepted,unverified,20261007
ship-ship_079,ship,ship_079.png,data/project_01/images/ship/ship_079.png,ship/ship_079.png,https://t3.ftcdn.net/jpg/04/54/40/96/360_F_454409639_SIsGJEefJK2MtCnlD7wyf1RgdWWTAUj3.jpg,ship,0087_https_t3.ftcdn.net_jpg_04_54_40_96_360_F_454409639_SIsGJEefJK2MtCnlD7wyf1RgdWWTAUj3.jpg,bbd74ba034b424e8f63d3156199ef71302ecfb1e166a636c526529fa15ccba8c,accepted,unverified,20261007
ship-ship_007,ship,ship_007.png,data/project_01/images/ship/ship_007.png,ship/ship_007.png,https://cdn.britannica.com/13/186113-050-FE14AC14/cruise-ship-port-Skagway-Alaska.jpg,ship,0008_https_cdn.britannica.com_13_186113-050-FE14AC14_cruise-ship-port-Skagway-Alaska.jpg,35fa5be80b3d214135a86705515b8ec3b7bf5b1a2cf7bf6104bcf2c7ced51402,accepted,unverified,20261007
ship-ship_040,ship,ship_040.png,data/project_01/images/ship/ship_040.png,ship/ship_040.png,https://www.napa.fi/wp-content/uploads/2024/08/Icon-of-the-Seas_Blog_lead.png,ship,0043_https_www.napa.fi_wp-content_uploads_2024_08_Icon-of-the-Seas_Blog_lead.png,0c76059b5ec2bb563fde9707b568543cff6731e2935e5364e7821f88daa25394,accepted,unverified,20261007
ship-ship_002,ship,ship_002.png,data/project_01/images/ship/ship_002.png,ship/ship_002.png,https://etimg.etb2bimg.com/photo/102567114.cms,ship,0002_https_etimg.etb2bimg.com_photo_102567114.cms,e81d218712636ec71f97f65e8c702f8a75cd5bb8d10c7fbdd63843ab68eabc9f,accepted,unverified,20261007
ship-ship_061,ship,ship_061.png,data/project_01/images/ship/ship_061.png,ship/ship_061.png,https://static.srpcdigital.com/styles/1037xauto/public/2023-08/288968_0.jpeg.webp,ship,0065_https_static.srpcdigital.com_styles_1037xauto_public_2023-08_288968_0.jpeg.webp,57f3b880c639f989583b4626452dbe71d13f09be9777e91f42125e9fe55c978a,accepted,unverified,20261007
ship-ship_074,ship,ship_074.png,data/project_01/images/ship/ship_074.png,ship/ship_074.png,https://www.marineinsight.com/wp-content/uploads/2021/08/Passenger-ship-1.png,ship,0081_https_www.marineinsight.com_wp-content_uploads_2021_08_Passenger-ship-1.png,dc342d43268fa4b8d582aedfe58c06d94161bdcdfa2c3cd4208a70b1825deff4,accepted,unverified,20261007
ship-ship_062,ship,ship_062.png,data/project_01/images/ship/ship_062.png,ship/ship_062.png,https://www.nps.gov/safr/learn/historyculture/images/SAFR_BalcluthaProfileEdit_NPSJWoerner_09-21-2024.jpg,ship,0066_https_www.nps.gov_safr_learn_historyculture_images_SAFR_BalcluthaProfileEdit_NPSJWoerner_09-21-2024.jpg,6e97ef25f377c179afb55dbe867c193f12cdb4839b619aa90c502ed7ebf19043,accepted,unverified,20261007
ship-ship_008,ship,ship_008.png,data/project_01/images/ship/ship_008.png,ship/ship_008.png,https://media.cnn.com/api/v1/images/stellar/prod/disney-adventure-ship.jpg?c=original,ship,0009_https_media.cnn.com_api_v1_images_stellar_prod_disney-adventure-ship.jpg,b22ca6203d948249e3ccb1bf0351804fb10d453588bcfe3a8c29d612c68fd2dd,accepted,unverified,20261007
ship-ship_078,ship,ship_078.png,data/project_01/images/ship/ship_078.png,ship/ship_078.png,https://assets.dm.rccl.com/is/image/RoyalCaribbeanCruises/royal/ships/royal-amplified/harmony-of-the-seas-bow-angle.jpg?$880x1428$,ship,0086_https_assets.dm.rccl.com_is_image_RoyalCaribbeanCruises_royal_ships_royal-amplified_harmony-of-the-seas-bow-angle.jpg,ba377d0316496405ca0a01a57459c4d86a64a820579acf86bac9713a1c5fdc5e,accepted,unverified,20261007
ship-ship_057,ship,ship_057.png,data/project_01/images/ship/ship_057.png,ship/ship_057.png,https://media.istockphoto.com/id/104241367/photo/cruise-ship.jpg?s=612x612&w=0&k=20&c=so7ce3cN0vhkKqIL38muc7rPqkp6WyNXWiWzuXH-mD4=,ship,0060_https_media.istockphoto.com_id_104241367_photo_cruise-ship.jpg,3a8e5593acb2b41ada945b304599d97c6f6b48c39a3d32aec0daa520e4c5cd15,accepted,unverified,20261007
ship-ship_023,ship,ship_023.png,data/project_01/images/ship/ship_023.png,ship/ship_023.png,https://www.thoughtco.com/thmb/5bNWFbQIN78gJZdCEy2DSDyqUMg=/1500x0/filters:no_upscale():max_bytes(150000):strip_icc()/-mayflower-ii-replica-at-sunset--massachusetts--73068552-59c4643ac412440010f73d33.jpg,ship,0026_https_www.thoughtco.com_thmb_5bNWFbQIN78gJZdCEy2DSDyqUMg_1500x0_filters_no_upscale_max_bytes_150000_strip_icc_-mayflower-ii-replica-at-sunset--massachusetts--73068552-59c4643ac412440010f73d33.jpg,9f7954fc12d640997e0671c66f18579d2d33b424ccb00c4810e2b44be3a81e69,accepted,unverified,20261007
ship-ship_003,ship,ship_003.png,data/project_01/images/ship/ship_003.png,ship/ship_003.png,https://upload.wikimedia.org/wikipedia/commons/thumb/8/8b/HMS_Caroline_%2843649273285%29.jpg/960px-HMS_Caroline_%2843649273285%29.jpg,ship,0004_https_upload.wikimedia.org_wikipedia_commons_thumb_8_8b_HMS_Caroline__43649273285_.jpg_960px-HMS_Caroline__43649273285_.jpg,1e418787b15103095031e5e1937ef4526dfe947baa86bd41cac1b582da6a5bde,accepted,unverified,20261007
ship-ship_022,ship,ship_022.png,data/project_01/images/ship/ship_022.png,ship/ship_022.png,https://static.wikia.nocookie.net/ship/images/6/6a/Amerigo_vespucci_1976_nyc_aufgetakelt.jpg/revision/latest?cb=20100325192931,ship,0025_https_static.wikia.nocookie.net_ship_images_6_6a_Amerigo_vespucci_1976_nyc_aufgetakelt.jpg_revision_latest,c5d2bb690ead53f2d27381d5b8b50e8f1e14872e8ba041ebdf24daef02871df9,accepted,unverified,20261007
ship-ship_020,ship,ship_020.png,data/project_01/images/ship/ship_020.png,ship/ship_020.png,https://www.rssc.com/sites/default/files/ShipsLanding_Prestige_Desktop.jpg,ship,0023_https_www.rssc.com_sites_default_files_ShipsLanding_Prestige_Desktop.jpg,1364a8617751ba7aca597a5db05b23bd229c4558323dd1ab32989fdff7f64828,accepted,unverified,20261007
ship-ship_015,ship,ship_015.png,data/project_01/images/ship/ship_015.png,ship/ship_015.png,https://www.merchantnavydecoded.com/wp-content/uploads/2023/09/Types-Ships.jpg,ship,0017_https_www.merchantnavydecoded.com_wp-content_uploads_2023_09_Types-Ships.jpg,e7a8ffd16eaf70cd2b23c197d656ddd022d783fb402f7d0174cb4d5683b26c70,accepted,unverified,20261007
ship-ship_018,ship,ship_018.png,data/project_01/images/ship/ship_018.png,ship/ship_018.png,https://www.oceanevent.com/wp-content/uploads/2023/11/Ship_DJI_0720_iso-scaled-2.webp,ship,0020_https_www.oceanevent.com_wp-content_uploads_2023_11_Ship_DJI_0720_iso-scaled-2.webp,42187d065bb4037d1b93b3cbf9c9310d185ee0d668cfa6889fdc751d4fea2ada,accepted,unverified,20261007
ship-ship_089,ship,ship_089.png,data/project_01/images/ship/ship_089.png,ship/ship_089.png,https://i.ytimg.com/vi/Q3C-6OCVE80/hq720.jpg?sqp=-oaymwEhCK4FEIIDSFryq4qpAxMIARUAAAAAGAElAADIQj0AgKJD&rs=AOn4CLBToSlHLfNxAhBXeTlmlLEvaOQ7Wg,ship,0099_https_i.ytimg.com_vi_Q3C-6OCVE80_hq720.jpg,813480def96cbe697e99bdf432686b7b38060d5d16688282a25d50fa9f9c86bc,accepted,unverified,20261007
truck-truck_012,truck,truck_012.png,data/project_01/images/truck/truck_012.png,truck/truck_012.png,https://www.gmfleet.com/content/dam/gmfleet/na/us/en/index/fleet/trucks/01-images/gm-envolve-site-trucks-segment-power-for-every-need-silverado-1500.jpg?imwidth=1200,truck,0014_https_www.gmfleet.com_content_dam_gmfleet_na_us_en_index_fleet_trucks_01-images_gm-envolve-site-trucks-segment-power-for-every-need-silverado-1500.jpg,a938133ac1382f812dc85bf60acc2ffbdb3f73c1aec5570eeedcaa5828f31c0f,accepted,unverified,20261007
truck-truck_045,truck,truck_045.png,data/project_01/images/truck/truck_045.png,truck/truck_045.png,https://advantage.com/wp-content/uploads/2022/05/types-of-trucks.jpg,truck,0050_https_advantage.com_wp-content_uploads_2022_05_types-of-trucks.jpg,40c9d071313cd0bcfd462b25ead19b7cd4eb99c7d2e7aba61f9e332b5daf067a,accepted,unverified,20261007
truck-truck_016,truck,truck_016.png,data/project_01/images/truck/truck_016.png,truck/truck_016.png,https://dam.coxautoinc.com/m/33193f5465bf44d3/OG-2020-chevrolet-silverado-3500HD-front-3qtr-jpg.jpg,truck,0018_https_dam.coxautoinc.com_m_33193f5465bf44d3_OG-2020-chevrolet-silverado-3500HD-front-3qtr-jpg.jpg,21959209a5df310c0724af9c6a53ce94107f14ec78b1a407339791ab3702c324,accepted,unverified,20261007
truck-truck_079,truck,truck_079.png,data/project_01/images/truck/truck_079.png,truck/truck_079.png,https://static.overfuel.com/dealers/trust-auto/image/Pickup-Truck-Hennessey-Mammoth-1024x576.jpg,truck,0092_https_static.overfuel.com_dealers_trust-auto_image_Pickup-Truck-Hennessey-Mammoth-1024x576.jpg,183610822e8ecd92d8cabf03ca7d046cf14c875573d857104465609c43bc8bf1,accepted,unverified,20261007
truck-truck_010,truck,truck_010.png,data/project_01/images/truck/truck_010.png,truck/truck_010.png,https://pictures.dealer.com/l/liftedtrucks/1234/3a1d12f66f724e5094ef0a6cdac8e3b8.jpeg,truck,0011_https_pictures.dealer.com_l_liftedtrucks_1234_3a1d12f66f724e5094ef0a6cdac8e3b8.jpeg,decfb44fb5d7b7faf13025805b4ff137444940897d130cf70f94b03389dda460,accepted,unverified,20261007
truck-truck_085,truck,truck_085.png,data/project_01/images/truck/truck_085.png,truck/truck_085.png,https://www.daimlertruck.com/fileadmin/press/6/7/D674756/cms.jpeg,truck,0098_https_www.daimlertruck.com_fileadmin_press_6_7_D674756_cms.jpeg,8f13f11bf5c40d47ec64f720abb8055c3a69055cef3953dfa200d0a55008b6f2,accepted,unverified,20261007
truck-truck_077,truck,truck_077.png,data/project_01/images/truck/truck_077.png,truck/truck_077.png,https://www.atsinc.com/hubfs/Blogs/Logistics/Straight%20Trucks%20Explained/BoxTruck2.png,truck,0088_https_www.atsinc.com_hubfs_Blogs_Logistics_Straight_Trucks_Explained_BoxTruck2.png,cc9820e8949c82ff50853df979d6cbdc76e69e8810ab8b0521511636fd4fe826,accepted,unverified,20261007
truck-truck_058,truck,truck_058.png,data/project_01/images/truck/truck_058.png,truck/truck_058.png,https://di-uploads-pod28.dealerinspire.com/jerryseinerdealerships/uploads/2024/10/2025-Truck-Performance-Guide-Jerry-Seiner-Automotive-9.png,truck,0066_https_di-uploads-pod28.dealerinspire.com_jerryseinerdealerships_uploads_2024_10_2025-Truck-Performance-Guide-Jerry-Seiner-Automotive-9.png,a2630c59d358ac1a5e5c884b3bce5bdb79eaa2a7203b057e052d6956cc020da4,accepted,unverified,20261007
truck-truck_078,truck,truck_078.png,data/project_01/images/truck/truck_078.png,truck/truck_078.png,https://images.contentstack.io/v3/assets/blte891c850d5781579/bltcbbec39910c9477f/How-long-is-a-semi-truck.jpg,truck,0090_https_images.contentstack.io_v3_assets_blte891c850d5781579_bltcbbec39910c9477f_How-long-is-a-semi-truck.jpg,b28268f559b7bf7dec69f6e493ab339e5274ac3745b5516a5c8793857b497034,accepted,unverified,20261007
truck-truck_087,truck,truck_087.png,data/project_01/images/truck/truck_087.png,truck/truck_087.png,https://gomotive.com/wp-content/uploads/2022/04/MeetCustomer_FullWidth_2x-18.jpeg,truck,0100_https_gomotive.com_wp-content_uploads_2022_04_MeetCustomer_FullWidth_2x-18.jpeg,728f97ee8d3766da5f083e62fa0bc878d789a1c2762c968f3d51ed3a033b2070,accepted,unverified,20261007
truck-truck_023,truck,truck_023.png,data/project_01/images/truck/truck_023.png,truck/truck_023.png,https://autoimage.capitalone.com/cms/Auto/assets/images/2786-hero-2023-chevrolet-silverado-wt-towing.jpg,truck,0025_https_autoimage.capitalone.com_cms_Auto_assets_images_2786-hero-2023-chevrolet-silverado-wt-towing.jpg,fe7d2c831ae142caff781870244eb8549e6bf6bfbfdb0552e2a1595324fa3fd4,accepted,unverified,20261007
truck-truck_013,truck,truck_013.png,data/project_01/images/truck/truck_013.png,truck/truck_013.png,https://images.ctfassets.net/i874q3cs1cvx/105036/16d2f93ff3b99689a010f291d9d45126/2025-Ford-F150.jpeg?w=1200&q=70,truck,0015_https_images.ctfassets.net_i874q3cs1cvx_105036_16d2f93ff3b99689a010f291d9d45126_2025-Ford-F150.jpeg,c4fd646201e187c3da09bcece282ad63c547478cca7c1e9ec7aea7a96d886193,accepted,unverified,20261007
truck-truck_017,truck,truck_017.png,data/project_01/images/truck/truck_017.png,truck/truck_017.png,https://www.chevrolet.com/content/dam/chevrolet/na/us/english/index/trucks/01-images/25-america-truck-01-v4.png?imwidth=1920,truck,0019_https_www.chevrolet.com_content_dam_chevrolet_na_us_english_index_trucks_01-images_25-america-truck-01-v4.png,0d9b7cefad3d82dcaf56905f512fb73a865e45dec8aa9675396f76f8976e6b29,accepted,unverified,20261007
truck-truck_004,truck,truck_004.png,data/project_01/images/truck/truck_004.png,truck/truck_004.png,https://cdn.britannica.com/17/126517-050-9CDCBDDF/semi-semitrailer-truck-tractor-highway.jpg,truck,0005_https_cdn.britannica.com_17_126517-050-9CDCBDDF_semi-semitrailer-truck-tractor-highway.jpg,631075744fc190cf9fd412c04b5712f189d2989edad62e03fdd28c5d0f04a778,accepted,unverified,20261007
truck-truck_008,truck,truck_008.png,data/project_01/images/truck/truck_008.png,truck/truck_008.png,https://image.made-in-china.com/202f0j00pAeoRtrGRQcT/5-7-Ton-Light-Hand-Drive-Lorry-Box-Truck-Isu-Zu-Small-Cargo-Trucks.webp,truck,0009_https_image.made-in-china.com_202f0j00pAeoRtrGRQcT_5-7-Ton-Light-Hand-Drive-Lorry-Box-Truck-Isu-Zu-Small-Cargo-Trucks.webp,1b47d8f25d33d5a7d9f8006cadc14f04b9dfd2479ef23d7b76443debf30ddc6a,accepted,unverified,20261007
truck-truck_035,truck,truck_035.png,data/project_01/images/truck/truck_035.png,truck/truck_035.png,https://www.peterbilt.com/static-assets/images/truck/548ev_nmd_bev3_tractor_bobtail_1200x672b.webp,truck,0040_https_www.peterbilt.com_static-assets_images_truck_548ev_nmd_bev3_tractor_bobtail_1200x672b.webp,1914fb6f98ac489e3a7246cb632dd9c93a33a86df74d2f480a6adf3fd3715c27,accepted,unverified,20261007
truck-truck_019,truck,truck_019.png,data/project_01/images/truck/truck_019.png,truck/truck_019.png,https://www.gmfleet.com/content/dam/gmfleet/na/us/en/index/fleet/trucks/01-images/gm-envolve-site-trucks-segment-power-for-every-need-silverado-ev-v2.jpg?imwidth=1200,truck,0021_https_www.gmfleet.com_content_dam_gmfleet_na_us_en_index_fleet_trucks_01-images_gm-envolve-site-trucks-segment-power-for-every-need-silverado-ev-v2.jpg,fad4fc795cd2c2cdcc9cf5c79686f2232eb0a3e04c30e967740580f7b7edaf2c,accepted,unverified,20261007
truck-truck_051,truck,truck_051.png,data/project_01/images/truck/truck_051.png,truck/truck_051.png,https://fordtrucksglobal.com/Uploads/Page/insaat-jo6f4x1t.png,truck,0057_https_fordtrucksglobal.com_Uploads_Page_insaat-jo6f4x1t.png,2ffb862533eb4410f5dd24d8d7ee536dc96ac1fd27692c0042a40768675584e4,accepted,unverified,20261007
truck-truck_018,truck,truck_018.png,data/project_01/images/truck/truck_018.png,truck/truck_018.png,https://www.gmccanada.ca/content/dam/gmc/na/ca/en/index/trucks/truck-segment-page/2026-gmc-truck-sierra-ev-exterior-1920x960-26PGSEV91345.jpg?imwidth=1200,truck,0020_https_www.gmccanada.ca_content_dam_gmc_na_ca_en_index_trucks_truck-segment-page_2026-gmc-truck-sierra-ev-exterior-1920x960-26PGSEV91345.jpg,4a82d6733ec4897f498e8f4e6946f09dc0c64048217e16a0097ba4308b4076dc,accepted,unverified,20261007
truck-truck_006,truck,truck_006.png,data/project_01/images/truck/truck_006.png,truck/truck_006.png,https://images.contentstack.io/v3/assets/blte891c850d5781579/blt53faefb3dffea48c/6452c0632beffe356089eb86/why-is-it-called-a-semi-truck.jpg?auto=webp&w=1080&q=75,truck,0007_https_images.contentstack.io_v3_assets_blte891c850d5781579_blt53faefb3dffea48c_6452c0632beffe356089eb86_why-is-it-called-a-semi-truck.jpg,c534597e0cd8993370a02ba6a809cff3747c7b0d4222ba5477f1de78a5781a8e,accepted,unverified,20261007
truck-truck_024,truck,truck_024.png,data/project_01/images/truck/truck_024.png,truck/truck_024.png,https://cdn.motor1.com/images/mgl/9menEv/s1/ram-mid-size-pickup-rendering-by-motor1.webp,truck,0027_https_cdn.motor1.com_images_mgl_9menEv_s1_ram-mid-size-pickup-rendering-by-motor1.webp,297b25a5a740a156b5493c69ccc38def494d9c5ffb42bbb921c1a1d266ddc45e,accepted,unverified,20261007
truck-truck_086,truck,truck_086.png,data/project_01/images/truck/truck_086.png,truck/truck_086.png,https://cdn.motor1.com/images/mgl/wlW3PN/s1/toyota-small-pickup-truck-rendering.webp,truck,0099_https_cdn.motor1.com_images_mgl_wlW3PN_s1_toyota-small-pickup-truck-rendering.webp,d4956b47cce34f14a9cad81e8252549bca8b0822228dc816b8bc97e453ad136f,accepted,unverified,20261007
truck-truck_056,truck,truck_056.png,data/project_01/images/truck/truck_056.png,truck/truck_056.png,https://www.cheapism.com/wp-content/uploads/2025/07/PSX_20200327_123335.original.jpg,truck,0064_https_www.cheapism.com_wp-content_uploads_2025_07_PSX_20200327_123335.original.jpg,d477f62600787d30d28bad6664017284ab7760d88c552c5573f8aa5f90ff24f4,accepted,unverified,20261007
truck-truck_028,truck,truck_028.png,data/project_01/images/truck/truck_028.png,truck/truck_028.png,https://www.chevrolet.com/content/dam/chevrolet/na/us/english/index/upcoming-vehicles/2027-silverado-1500/ancillary/2027-t1-2-trucksegment-01.jpg?imwidth=1920,truck,0032_https_www.chevrolet.com_content_dam_chevrolet_na_us_english_index_upcoming-vehicles_2027-silverado-1500_ancillary_2027-t1-2-trucksegment-01.jpg,a2fd07b638aa7f899a3adaae08536bf19d1d86c5cfc1944d7643009b67fcae1f,accepted,unverified,20261007
truck-truck_057,truck,truck_057.png,data/project_01/images/truck/truck_057.png,truck/truck_057.png,https://www.pensketruckrental.com/media-library/26-foot-truck.jpg?id=34317382&width=1245&height=700&coordinates=591%2C0%2C591%2C0,truck,0065_https_www.pensketruckrental.com_media-library_26-foot-truck.jpg,ef599fac8725841c43bcb936d944a22356f917d847a09fbf0a65f65e6989497b,accepted,unverified,20261007
truck-truck_072,truck,truck_072.png,data/project_01/images/truck/truck_072.png,truck/truck_072.png,https://www.gilchristautomotive.com/blogs/6569/wp-content/uploads/2024/12/06.jpg,truck,0083_https_www.gilchristautomotive.com_blogs_6569_wp-content_uploads_2024_12_06.jpg,8c54bd7e7bf58424961fc57cc4b113ac04c84941a94e1b0cc9dbca5cfe1ec4c9,accepted,unverified,20261007
truck-truck_034,truck,truck_034.png,data/project_01/images/truck/truck_034.png,truck/truck_034.png,"https://media.architecturaldigest.com/photos/58121e2679be6d840e3de97c/4:3/w_844,h_633,c_limit/Mercedes-Benz%20Pickup%20Truck%201.jpg",truck,0039_https_media.architecturaldigest.com_photos_58121e2679be6d840e3de97c_4_3_w_844_h_633_c_limit_Mercedes-Benz_Pickup_Truck_1.jpg,e56857434a24fca3f77c64327ba67945bcc5337ec799ad86f1f37bbb92dfbf3e,accepted,unverified,20261007
truck-truck_044,truck,truck_044.png,data/project_01/images/truck/truck_044.png,truck/truck_044.png,https://di-uploads-pod1.dealerinspire.com/depaulachevy/uploads/2017/04/2018-Chevrolet-LowCabForward-6500XD-PreProduction-003.jpg,truck,0049_https_di-uploads-pod1.dealerinspire.com_depaulachevy_uploads_2017_04_2018-Chevrolet-LowCabForward-6500XD-PreProduction-003.jpg,93239db4c372704193100964230e7e2851719171793bd4fe30a695bd9651efc3,accepted,unverified,20261007
truck-truck_049,truck,truck_049.png,data/project_01/images/truck/truck_049.png,truck/truck_049.png,https://www.macktrucks.com/trucks/granite/media_1e77e0718a6433af87a293649e45decf0b1d9090b.jpg?width=1600&format=jpg&optimize=medium,truck,0054_https_www.macktrucks.com_trucks_granite_media_1e77e0718a6433af87a293649e45decf0b1d9090b.jpg,3468a57f0804e002d0c4ec5dd650855011689ef36dcfda23823ef0cba10f991c,accepted,unverified,20261007
truck-truck_001,truck,truck_001.png,data/project_01/images/truck/truck_001.png,truck/truck_001.png,https://upload.wikimedia.org/wikipedia/commons/1/11/Freightliner_M2_106_6x4_2014_%2814240376744%29.jpg,truck,0001_https_upload.wikimedia.org_wikipedia_commons_1_11_Freightliner_M2_106_6x4_2014__14240376744_.jpg,161f19d92766956dda4be5a30fcfdd6b7c297ea4c9a15a53fc682e7f34be21b0,accepted,unverified,20261007
